-- phpMyAdmin SQL Dump
-- version 4.8.4
-- https://www.phpmyadmin.net/
--
-- Host: 127.0.0.1
-- Generation Time: May 17, 2020 at 05:00 AM
-- Server version: 10.1.37-MariaDB
-- PHP Version: 7.3.0

SET SQL_MODE = "NO_AUTO_VALUE_ON_ZERO";
SET AUTOCOMMIT = 0;
START TRANSACTION;
SET time_zone = "+00:00";


/*!40101 SET @OLD_CHARACTER_SET_CLIENT=@@CHARACTER_SET_CLIENT */;
/*!40101 SET @OLD_CHARACTER_SET_RESULTS=@@CHARACTER_SET_RESULTS */;
/*!40101 SET @OLD_COLLATION_CONNECTION=@@COLLATION_CONNECTION */;
/*!40101 SET NAMES utf8mb4 */;

--
-- Database: `ewalet-prod`
--

-- --------------------------------------------------------

--
-- Table structure for table `balance_catalog`
--

CREATE TABLE `balance_catalog` (
  `id` int(11) NOT NULL,
  `balance` bigint(20) NOT NULL,
  `code` varchar(25) DEFAULT NULL
) ENGINE=InnoDB DEFAULT CHARSET=latin1;

--
-- Dumping data for table `balance_catalog`
--

INSERT INTO `balance_catalog` (`id`, `balance`, `code`) VALUES
(1, 10000, 'e-10'),
(2, 20000, 'e-20'),
(3, 50000, 'e-50'),
(4, 100000, 'e-100'),
(5, 200000, 'e-200'),
(6, 500000, 'e-500');

-- --------------------------------------------------------

--
-- Table structure for table `files`
--

CREATE TABLE `files` (
  `id` int(11) NOT NULL,
  `file_name` varchar(100) DEFAULT NULL,
  `file_type` int(11) DEFAULT NULL,
  `path` varchar(100) DEFAULT NULL,
  `user_id` bigint(20) DEFAULT NULL
) ENGINE=InnoDB DEFAULT CHARSET=latin1;

--
-- Dumping data for table `files`
--

INSERT INTO `files` (`id`, `file_name`, `file_type`, `path`, `user_id`) VALUES
(1, '0681ccb7-76cc-480b-8080-e2f6286efe56.png', 2, 'http://ff4f6802.ngrok.io/downloadFile/0681ccb7-76cc-480b-8080-e2f6286efe56.png', 53),
(2, '494821ab-38ed-4122-9783-b342fe5fe048.jpg', 1, 'http://ff4f6802.ngrok.io/downloadFile/494821ab-38ed-4122-9783-b342fe5fe048.jpg', 53),
(3, '1c04439a-dfc9-4932-b00c-5be7cd8d37f5.jpg', 1, 'http://ff4f6802.ngrok.io/downloadFile/1c04439a-dfc9-4932-b00c-5be7cd8d37f5.jpg', 53),
(4, 'cc8c5e05-18cd-4ad7-99d7-615bb34986dd.jpg', 1, 'http://ff4f6802.ngrok.io/downloadFile/cc8c5e05-18cd-4ad7-99d7-615bb34986dd.jpg', 53),
(5, '45ee2ce1-8ada-4bdb-bba2-e752cd461e39.png', 2, 'http://ff4f6802.ngrok.io/downloadFile/45ee2ce1-8ada-4bdb-bba2-e752cd461e39.png', 53),
(6, 'd5c9901d-8211-401b-a5e8-86a4444ae8a1.jpg', 1, 'http://ff4f6802.ngrok.io/downloadFile/d5c9901d-8211-401b-a5e8-86a4444ae8a1.jpg', 53),
(7, '0ec0e4ab-714e-4a98-ba8e-a9f69aff785d.jpg', 1, 'http://ff4f6802.ngrok.io/downloadFile/0ec0e4ab-714e-4a98-ba8e-a9f69aff785d.jpg', 53),
(8, '89e6be01-2551-4bb6-acd8-cccd792504ed.png', 2, 'http://ff4f6802.ngrok.io/downloadFile/89e6be01-2551-4bb6-acd8-cccd792504ed.png', 53),
(9, '0344edbf-b370-4789-a142-6f894fe47021.png', 2, 'http://ff4f6802.ngrok.io/downloadFile/0344edbf-b370-4789-a142-6f894fe47021.png', 53),
(10, '04836429-bb99-4e7d-9c83-f301df007747.png', 2, 'http://ff4f6802.ngrok.io/downloadFile/04836429-bb99-4e7d-9c83-f301df007747.png', 53),
(11, '2560e2a0-adf0-4202-a398-05b45e9d125a.png', 2, 'http://ff4f6802.ngrok.io/downloadFile/2560e2a0-adf0-4202-a398-05b45e9d125a.png', 53),
(12, 'b0fc66db-6b00-4529-aa39-2ff4ad363341.jpg', 1, 'http://ff4f6802.ngrok.io/downloadFile/b0fc66db-6b00-4529-aa39-2ff4ad363341.jpg', 53),
(13, 'de09b50e-39f6-4f53-b1dd-295ea27759e1.jpg', 1, 'http://ff4f6802.ngrok.io/downloadFile/de09b50e-39f6-4f53-b1dd-295ea27759e1.jpg', 53),
(14, '2bf5082f-4a44-49ae-ba3b-5fe7668577e8.png', 2, 'http://ff4f6802.ngrok.io/downloadFile/2bf5082f-4a44-49ae-ba3b-5fe7668577e8.png', 53),
(15, '6332ab73-a841-44cf-9215-195f315ff191.jpg', 1, 'http://ff4f6802.ngrok.io/downloadFile/6332ab73-a841-44cf-9215-195f315ff191.jpg', 53),
(16, '4edc07e6-0d9a-4ee4-942b-635027ebcaa9.png', 2, 'http://ff4f6802.ngrok.io/downloadFile/4edc07e6-0d9a-4ee4-942b-635027ebcaa9.png', 53),
(17, '0f59fd80-a8c5-41d1-b08a-2f8b1007bd9e.png', 2, 'http://ff4f6802.ngrok.io/downloadFile/0f59fd80-a8c5-41d1-b08a-2f8b1007bd9e.png', 53),
(18, '34ad50d2-2e60-4d07-af9c-973034b9553b.jpg', 1, 'http://ff4f6802.ngrok.io/downloadFile/34ad50d2-2e60-4d07-af9c-973034b9553b.jpg', 53),
(19, 'd5bbedb6-25eb-4657-af9a-c4bd8d5f2cff.png', 2, 'http://ff4f6802.ngrok.io/downloadFile/d5bbedb6-25eb-4657-af9a-c4bd8d5f2cff.png', 53),
(20, '35ed0a7e-72ec-485e-a903-220d5eb1fcd4.png', 2, 'http://ff4f6802.ngrok.io/downloadFile/35ed0a7e-72ec-485e-a903-220d5eb1fcd4.png', 53),
(21, '6a9e520a-8f58-4727-8361-5c23a38e33cf.jpg', 1, 'http://ff4f6802.ngrok.io/downloadFile/6a9e520a-8f58-4727-8361-5c23a38e33cf.jpg', 52),
(22, '9f46c4b1-c752-44a3-bc08-2e5fb751b269.jpg', 1, 'http://ff4f6802.ngrok.io/downloadFile/9f46c4b1-c752-44a3-bc08-2e5fb751b269.jpg', 52),
(23, '4c2602b8-f00a-4a13-b361-cbdb839931b2.jpg', 1, 'http://ff4f6802.ngrok.io/downloadFile/4c2602b8-f00a-4a13-b361-cbdb839931b2.jpg', 52),
(24, 'e9520a4c-28cb-4963-be15-a0a075fda671.jpg', 1, 'http://ff4f6802.ngrok.io/downloadFile/e9520a4c-28cb-4963-be15-a0a075fda671.jpg', 52),
(25, '04cbd6a7-f481-4ded-9c3c-a27470e96cbb.jpg', 1, 'http://ff4f6802.ngrok.io/downloadFile/04cbd6a7-f481-4ded-9c3c-a27470e96cbb.jpg', 52),
(26, 'a24ce16d-8788-44ed-a4b2-f460fda61889.png', 2, 'http://ff4f6802.ngrok.io/downloadFile/a24ce16d-8788-44ed-a4b2-f460fda61889.png', 53),
(27, '14072b26-23b9-4b6c-9950-19861a39ade4.jpg', 1, 'http://ff4f6802.ngrok.io/downloadFile/14072b26-23b9-4b6c-9950-19861a39ade4.jpg', 52),
(28, '90342e0c-7793-4772-878b-f5ad520c411d.PNG', 2, 'http://ff4f6802.ngrok.io/downloadFile/90342e0c-7793-4772-878b-f5ad520c411d.PNG', 66),
(29, '2fb78f59-3b4f-4689-a533-b4918a2cce05.png', 2, 'http://ff4f6802.ngrok.io/downloadFile/2fb78f59-3b4f-4689-a533-b4918a2cce05.png', 53),
(30, 'be98448d-e733-42b3-b85d-dd6e1f2a15e2.png', 2, 'http://ff4f6802.ngrok.io/downloadFile/be98448d-e733-42b3-b85d-dd6e1f2a15e2.png', 53),
(31, 'dafc9353-96b7-420c-a046-0c14e65e3d0f.jpg', 1, 'http://ff4f6802.ngrok.io/downloadFile/dafc9353-96b7-420c-a046-0c14e65e3d0f.jpg', 53),
(32, 'f7a96dbf-2052-4788-b4e4-12ea02172c72.jpg', 1, 'http://ff4f6802.ngrok.io/downloadFile/f7a96dbf-2052-4788-b4e4-12ea02172c72.jpg', 53),
(33, '3e09a8e7-dfef-43d3-929e-fef7b4ce03d6.png', 2, 'http://ff4f6802.ngrok.io/downloadFile/3e09a8e7-dfef-43d3-929e-fef7b4ce03d6.png', 53),
(34, '484c2d1b-26a3-4944-a026-cc6d89fbcb93.png', 2, 'http://ff4f6802.ngrok.io/downloadFile/484c2d1b-26a3-4944-a026-cc6d89fbcb93.png', 53),
(35, 'e2a11184-d3fc-4d96-8653-b6c803a11eb4.png', 2, 'http://ff4f6802.ngrok.io/downloadFile/e2a11184-d3fc-4d96-8653-b6c803a11eb4.png', 53),
(36, '3518a154-5a23-41c4-840a-18c651ff7c66.jpg', 1, 'http://ff4f6802.ngrok.io/downloadFile/3518a154-5a23-41c4-840a-18c651ff7c66.jpg', 53),
(37, '4f12d718-f47c-4d27-805d-14d7546564c7.png', 2, 'http://ff4f6802.ngrok.io/downloadFile/4f12d718-f47c-4d27-805d-14d7546564c7.png', 53),
(38, '7479cfe1-1160-47fd-b09c-bcb27ab75e40.png', 2, 'http://ff4f6802.ngrok.io/downloadFile/7479cfe1-1160-47fd-b09c-bcb27ab75e40.png', 53),
(39, '807808a2-25f4-48a4-a7bb-54e273f8bba3.png', 2, 'http://ff4f6802.ngrok.io/downloadFile/807808a2-25f4-48a4-a7bb-54e273f8bba3.png', 53),
(40, '1a592f91-7e85-47d6-b9bb-b5e6205c04cf.png', 2, 'http://ff4f6802.ngrok.io/downloadFile/1a592f91-7e85-47d6-b9bb-b5e6205c04cf.png', 53),
(41, '694b5e4a-293d-4e9e-b95e-53bcc54921ea.png', 2, 'http://ff4f6802.ngrok.io/downloadFile/694b5e4a-293d-4e9e-b95e-53bcc54921ea.png', 53),
(42, '40fe3081-9081-4561-9250-47930e0acf2f.jpg', 1, 'http://ff4f6802.ngrok.io/downloadFile/40fe3081-9081-4561-9250-47930e0acf2f.jpg', 53),
(43, '87fb955c-2822-4c3d-a32e-41eebae895c1.png', 2, 'http://ff4f6802.ngrok.io/downloadFile/87fb955c-2822-4c3d-a32e-41eebae895c1.png', 66),
(44, 'ca53e753-abfd-4fcd-9d70-b512089ddfc0.png', 2, 'http://ff4f6802.ngrok.io/downloadFile/ca53e753-abfd-4fcd-9d70-b512089ddfc0.png', 66),
(45, '7c3d2bb2-ee1f-4d53-a200-9266a17d69f8.png', 2, 'http://ff4f6802.ngrok.io/downloadFile/7c3d2bb2-ee1f-4d53-a200-9266a17d69f8.png', 66),
(46, 'faba3c39-e5ac-4e55-b6cd-f12019bad55d.png', 2, 'http://ff4f6802.ngrok.io/downloadFile/faba3c39-e5ac-4e55-b6cd-f12019bad55d.png', 53),
(47, '8302c141-0cae-4667-8d71-1eff89a33330.png', 2, 'http://ff4f6802.ngrok.io/downloadFile/8302c141-0cae-4667-8d71-1eff89a33330.png', 53),
(48, '3fe7d312-44ff-466a-a50f-5013effc540d.png', 2, 'http://ff4f6802.ngrok.io/downloadFile/3fe7d312-44ff-466a-a50f-5013effc540d.png', 53),
(49, 'a66b7b13-375e-474c-b460-371ce7194d2e.png', 2, 'http://ff4f6802.ngrok.io/downloadFile/a66b7b13-375e-474c-b460-371ce7194d2e.png', 53),
(50, '8fecf3be-e2f0-4b1b-ac6f-f6ea59e07738.jpg', 1, 'http://ff4f6802.ngrok.io/downloadFile/8fecf3be-e2f0-4b1b-ac6f-f6ea59e07738.jpg', 53),
(51, '5acc0e3d-95d4-4673-bd16-562f9908e8e6.png', 2, 'http://ff4f6802.ngrok.io/downloadFile/5acc0e3d-95d4-4673-bd16-562f9908e8e6.png', 75),
(52, '93b7faed-b993-4417-83c4-e3724093fc9b.png', 2, 'http://ff4f6802.ngrok.io/downloadFile/93b7faed-b993-4417-83c4-e3724093fc9b.png', 53),
(53, '36d3e89a-4319-49d7-9556-4238dace8b9a.png', 2, 'http://ff4f6802.ngrok.io/downloadFile/36d3e89a-4319-49d7-9556-4238dace8b9a.png', 53),
(54, '7b5174cf-ad73-4b48-8ebd-9debf5f6b3e0.png', 2, 'http://ff4f6802.ngrok.io/downloadFile/7b5174cf-ad73-4b48-8ebd-9debf5f6b3e0.png', 53),
(55, 'd2df16e6-e67b-4b12-8b8d-0464d15d991b.png', 2, 'http://ff4f6802.ngrok.io/downloadFile/d2df16e6-e67b-4b12-8b8d-0464d15d991b.png', 53),
(56, 'de00324f-0846-4189-849f-5b12eb15c738.png', 2, 'http://ff4f6802.ngrok.io/downloadFile/de00324f-0846-4189-849f-5b12eb15c738.png', 53),
(57, '4ed3f11f-90d1-4230-815e-b30275201087.png', 2, 'http://ff4f6802.ngrok.io/downloadFile/4ed3f11f-90d1-4230-815e-b30275201087.png', 53),
(58, 'd2cbf8bb-d724-4df8-b6b7-6b4815195526.jpg', 1, 'http://ff4f6802.ngrok.io/downloadFile/d2cbf8bb-d724-4df8-b6b7-6b4815195526.jpg', 52),
(59, '18c08d10-542e-42a0-8c35-c065d3efa227.png', 2, 'http://ff4f6802.ngrok.io/downloadFile/18c08d10-542e-42a0-8c35-c065d3efa227.png', 53),
(60, 'fa8bb7b5-dfbb-48db-9399-d8337342aed5.png', 2, 'http://ff4f6802.ngrok.io/downloadFile/fa8bb7b5-dfbb-48db-9399-d8337342aed5.png', 53),
(61, '38a1972f-921b-4842-a152-1a0a5026f095.jpg', 1, 'http://ff4f6802.ngrok.io/downloadFile/38a1972f-921b-4842-a152-1a0a5026f095.jpg', 53),
(62, 'e9b5b52c-c052-4883-a6d9-fa219d79f79e.jpg', 1, 'http://ff4f6802.ngrok.io/downloadFile/e9b5b52c-c052-4883-a6d9-fa219d79f79e.jpg', 53),
(63, 'e0a87a75-d9e8-4528-8d65-ce8538b1a403.png', 2, 'http://ff4f6802.ngrok.io/downloadFile/e0a87a75-d9e8-4528-8d65-ce8538b1a403.png', 53),
(64, 'b1c887fa-39ca-400c-9153-ffc72aca63a6.jpg', 1, 'http://ff4f6802.ngrok.io/downloadFile/b1c887fa-39ca-400c-9153-ffc72aca63a6.jpg', 52),
(65, 'b9cdbc3e-6ee0-4e62-b6b3-604f14044271.jpg', 1, 'http://ff4f6802.ngrok.io/downloadFile/b9cdbc3e-6ee0-4e62-b6b3-604f14044271.jpg', 52),
(66, 'f209666f-d31c-4988-88f5-efc38b4f016b.jpg', 1, 'http://ff4f6802.ngrok.io/downloadFile/f209666f-d31c-4988-88f5-efc38b4f016b.jpg', 52),
(67, '1a906d61-d5b8-401b-bb59-3e3df0263105.png', 2, 'http://ff4f6802.ngrok.io/downloadFile/1a906d61-d5b8-401b-bb59-3e3df0263105.png', 65),
(68, 'e76a9895-095b-4436-a94e-7a2889b3aec9.jpg', 1, 'http://ff4f6802.ngrok.io/downloadFile/e76a9895-095b-4436-a94e-7a2889b3aec9.jpg', 52),
(69, '7acf9fd5-eb1e-457e-a392-f44a01973574.jpg', 1, 'http://ff4f6802.ngrok.io/downloadFile/7acf9fd5-eb1e-457e-a392-f44a01973574.jpg', 53),
(70, '7ff54317-d042-46ac-afd2-ae0f950560f0.png', 2, 'http://ff4f6802.ngrok.io/downloadFile/7ff54317-d042-46ac-afd2-ae0f950560f0.png', 53),
(71, '196ebc5b-d56c-447f-a45d-8dc7cb78d344.png', 2, 'http://ff4f6802.ngrok.io/downloadFile/196ebc5b-d56c-447f-a45d-8dc7cb78d344.png', 53),
(72, '0f7fc644-5131-46b2-9933-7bfbf672666f.png', 2, 'http://ff4f6802.ngrok.io/downloadFile/0f7fc644-5131-46b2-9933-7bfbf672666f.png', 53),
(73, '228b9c9c-85cb-410c-958e-fdb27cc7acea.png', 2, 'http://ff4f6802.ngrok.io/downloadFile/228b9c9c-85cb-410c-958e-fdb27cc7acea.png', 53),
(74, '1116b796-903b-4c0a-b6cb-8811e963807e.png', 2, 'http://ff4f6802.ngrok.io/downloadFile/1116b796-903b-4c0a-b6cb-8811e963807e.png', 53),
(75, '24af924f-9d79-4c50-b8dd-86436c546022.png', 2, 'http://ff4f6802.ngrok.io/downloadFile/24af924f-9d79-4c50-b8dd-86436c546022.png', 53),
(76, '07e04bbf-dd29-44c2-96d9-5e40e7c205f4.png', 2, 'http://ff4f6802.ngrok.io/downloadFile/07e04bbf-dd29-44c2-96d9-5e40e7c205f4.png', 53),
(77, '1999940b-65d2-4288-8bca-59450fd1b759.png', 2, 'http://ff4f6802.ngrok.io/downloadFile/1999940b-65d2-4288-8bca-59450fd1b759.png', 53),
(78, '1155209d-b7ae-4f20-8604-50cb6e41869c.png', 2, 'http://ff4f6802.ngrok.io/downloadFile/1155209d-b7ae-4f20-8604-50cb6e41869c.png', 53),
(79, 'fc2ed33b-76fd-466d-a106-83f7b7437517.png', 2, 'http://ff4f6802.ngrok.io/downloadFile/fc2ed33b-76fd-466d-a106-83f7b7437517.png', 53),
(80, 'efc570f8-bf68-498d-81e5-c6b9446e4368.jpg', 1, 'http://ff4f6802.ngrok.io/downloadFile/efc570f8-bf68-498d-81e5-c6b9446e4368.jpg', 72),
(81, 'fd2e92df-0acd-4883-b7a1-19ef234995fd.png', 2, 'http://ff4f6802.ngrok.io/downloadFile/fd2e92df-0acd-4883-b7a1-19ef234995fd.png', 53),
(82, 'bf8dfb5d-0b87-467a-a719-62854ac95dd0.png', 2, 'http://ff4f6802.ngrok.io/downloadFile/bf8dfb5d-0b87-467a-a719-62854ac95dd0.png', 75),
(83, 'ec80b4b5-77ba-4c2e-a346-e2ca52d2c792.png', 2, 'http://ff4f6802.ngrok.io/downloadFile/ec80b4b5-77ba-4c2e-a346-e2ca52d2c792.png', 75),
(84, 'b70188da-1278-457f-8ad2-8f33404dc002.png', 2, 'http://ff4f6802.ngrok.io/downloadFile/b70188da-1278-457f-8ad2-8f33404dc002.png', 53),
(85, '46f56176-35f8-4b22-88f4-24ffca72eb7b.png', 2, 'http://ff4f6802.ngrok.io/downloadFile/46f56176-35f8-4b22-88f4-24ffca72eb7b.png', 53),
(86, '85577699-8d75-4b04-b217-67f1098f9e33.jpg', 1, 'http://ff4f6802.ngrok.io/downloadFile/85577699-8d75-4b04-b217-67f1098f9e33.jpg', 72),
(87, '6fe87fbe-d730-451a-8fe3-71d8c3e29bec.jpg', 1, 'http://ff4f6802.ngrok.io/downloadFile/6fe87fbe-d730-451a-8fe3-71d8c3e29bec.jpg', 52),
(88, '7218f556-3ef9-4989-9c95-01883c84d77e.png', 2, 'http://ff4f6802.ngrok.io/downloadFile/7218f556-3ef9-4989-9c95-01883c84d77e.png', 81),
(89, 'f95b8eb2-bb97-4384-9f67-f955a80c053d.png', 2, 'http://ff4f6802.ngrok.io/downloadFile/f95b8eb2-bb97-4384-9f67-f955a80c053d.png', 75),
(90, '33b859b0-cb83-4d2e-997b-51853699f369.png', 2, 'http://ff4f6802.ngrok.io/downloadFile/33b859b0-cb83-4d2e-997b-51853699f369.png', 65),
(91, 'fabb525a-b8e7-413f-8137-37be529fc887.png', 2, 'http://ff4f6802.ngrok.io/downloadFile/fabb525a-b8e7-413f-8137-37be529fc887.png', 81),
(92, '9ac73aef-7103-496d-95ff-ebacaa95bddd.jpg', 1, 'http://ff4f6802.ngrok.io/downloadFile/9ac73aef-7103-496d-95ff-ebacaa95bddd.jpg', 52),
(93, '78b219bf-bfa9-4bd8-ad66-c6dc5a4b8800.jpg', 1, 'http://ff4f6802.ngrok.io/downloadFile/78b219bf-bfa9-4bd8-ad66-c6dc5a4b8800.jpg', 52),
(94, '63981c0a-736b-47b2-a8fe-3698fbc813c8.jpg', 1, 'http://ff4f6802.ngrok.io/downloadFile/63981c0a-736b-47b2-a8fe-3698fbc813c8.jpg', 52),
(95, 'db2c5357-203f-4df7-b498-3fa4af6ea9bf.jpg', 1, 'http://ff4f6802.ngrok.io/downloadFile/db2c5357-203f-4df7-b498-3fa4af6ea9bf.jpg', 72),
(96, 'd8b9ec56-3d04-4dc5-86d8-30fffae890f8.jpg', 1, 'http://ff4f6802.ngrok.io/downloadFile/d8b9ec56-3d04-4dc5-86d8-30fffae890f8.jpg', 52),
(97, '915f146b-1375-41e8-8460-c5a647e5e253.jpg', 1, 'http://ff4f6802.ngrok.io/downloadFile/915f146b-1375-41e8-8460-c5a647e5e253.jpg', 52),
(98, 'bc291e7c-bf8f-4dde-9149-5c1ceade86dc.jpg', 1, 'http://ff4f6802.ngrok.io/downloadFile/bc291e7c-bf8f-4dde-9149-5c1ceade86dc.jpg', 52),
(99, '11cc15ad-466f-4b8b-b946-dba5d8f76ba2.png', 2, 'http://ff4f6802.ngrok.io/downloadFile/11cc15ad-466f-4b8b-b946-dba5d8f76ba2.png', 81),
(100, '684731f4-38eb-4a48-837f-d7079f27a77e.png', 2, 'http://ff4f6802.ngrok.io/downloadFile/684731f4-38eb-4a48-837f-d7079f27a77e.png', 62),
(101, '0549dbdc-c3c4-497f-b0b7-1d466bc40dee.png', 2, 'http://ff4f6802.ngrok.io/downloadFile/0549dbdc-c3c4-497f-b0b7-1d466bc40dee.png', 81),
(102, '0044da6a-5495-4145-b045-5774048109f6.jpg', 1, 'http://ff4f6802.ngrok.io/downloadFile/0044da6a-5495-4145-b045-5774048109f6.jpg', 72),
(103, 'e450b318-1d7b-46e3-a713-6e999b9b2e9c.jpg', 1, 'http://ff4f6802.ngrok.io/downloadFile/e450b318-1d7b-46e3-a713-6e999b9b2e9c.jpg', 72),
(104, '8a22715b-3beb-4f80-9cbd-fbe656118c68.jpg', 1, 'http://ff4f6802.ngrok.io/downloadFile/8a22715b-3beb-4f80-9cbd-fbe656118c68.jpg', 72),
(105, '74a4fdea-a5aa-4425-bfd6-3385082e547f.jpg', 1, 'http://ff4f6802.ngrok.io/downloadFile/74a4fdea-a5aa-4425-bfd6-3385082e547f.jpg', 72),
(106, '9383a9ff-63c7-4592-905a-d53e012d97f6.jpg', 1, 'http://ff4f6802.ngrok.io/downloadFile/9383a9ff-63c7-4592-905a-d53e012d97f6.jpg', 65),
(107, '48c200b8-2718-418f-b6cd-8b1f3ca2f0b0.jpg', 1, 'http://ff4f6802.ngrok.io/downloadFile/48c200b8-2718-418f-b6cd-8b1f3ca2f0b0.jpg', 65),
(108, '3730fdfa-e4a7-4a38-9309-1aed676f1825.png', 2, 'http://ff4f6802.ngrok.io/downloadFile/3730fdfa-e4a7-4a38-9309-1aed676f1825.png', 81),
(109, '20b825eb-2ea9-4e5c-a554-4e000cbe5c17.png', 2, 'http://ff4f6802.ngrok.io/downloadFile/20b825eb-2ea9-4e5c-a554-4e000cbe5c17.png', 81),
(110, 'dff862a7-0f49-491e-8fae-66fa0eb0f467.png', 2, 'http://ff4f6802.ngrok.io/downloadFile/dff862a7-0f49-491e-8fae-66fa0eb0f467.png', 81),
(111, '87ab435b-105f-4f20-8405-5901afe3801f.png', 2, 'http://ff4f6802.ngrok.io/downloadFile/87ab435b-105f-4f20-8405-5901afe3801f.png', 65),
(112, 'a18e3c6c-6815-4de4-9156-2df27a850ac6.png', 2, 'http://ff4f6802.ngrok.io/downloadFile/a18e3c6c-6815-4de4-9156-2df27a850ac6.png', 53),
(113, '2a176d17-8f3d-4c54-808e-f9414612b3ee.png', 2, 'http://ff4f6802.ngrok.io/downloadFile/2a176d17-8f3d-4c54-808e-f9414612b3ee.png', 65),
(114, 'd6ef82f7-b1ab-490a-b169-f44a08d982e6.png', 2, 'http://ff4f6802.ngrok.io/downloadFile/d6ef82f7-b1ab-490a-b169-f44a08d982e6.png', 53),
(115, '92205253-c571-493a-a8f1-514be57cbf80.png', 2, 'http://ff4f6802.ngrok.io/downloadFile/92205253-c571-493a-a8f1-514be57cbf80.png', 53),
(116, 'b8045293-f662-4814-9733-1223cbfda957.png', 2, 'http://ff4f6802.ngrok.io/downloadFile/b8045293-f662-4814-9733-1223cbfda957.png', 53),
(117, 'ee7d1fd1-bfac-430d-9155-4135af1fe02f.jpg', 1, 'http://ff4f6802.ngrok.io/downloadFile/ee7d1fd1-bfac-430d-9155-4135af1fe02f.jpg', 65),
(118, '290bad69-e72d-4f6b-830e-b0c088f357ae.png', 2, 'http://ff4f6802.ngrok.io/downloadFile/290bad69-e72d-4f6b-830e-b0c088f357ae.png', 53),
(119, '1ad0a7a4-cbe3-459a-bba6-75274ff931dd.png', 2, 'http://ff4f6802.ngrok.io/downloadFile/1ad0a7a4-cbe3-459a-bba6-75274ff931dd.png', 53),
(120, 'd2f542c7-e6de-4a24-a646-c70851fb93bd.png', 2, 'http://ff4f6802.ngrok.io/downloadFile/d2f542c7-e6de-4a24-a646-c70851fb93bd.png', 65),
(121, '6a9e1560-43c1-46c5-84f1-b7078b7ff8fb.png', 2, 'http://ff4f6802.ngrok.io/downloadFile/6a9e1560-43c1-46c5-84f1-b7078b7ff8fb.png', 65),
(122, '1be594c7-8114-40ad-9540-a14a8c0621ee.png', 2, 'http://ff4f6802.ngrok.io/downloadFile/1be594c7-8114-40ad-9540-a14a8c0621ee.png', 53),
(123, 'b55660a0-39d5-4548-a47c-25cfc6fd17eb.png', 2, 'http://ff4f6802.ngrok.io/downloadFile/b55660a0-39d5-4548-a47c-25cfc6fd17eb.png', 65),
(124, 'f863a167-bca5-4e41-a34c-84cf36caccd9.png', 2, 'http://ff4f6802.ngrok.io/downloadFile/f863a167-bca5-4e41-a34c-84cf36caccd9.png', 53),
(125, '6426b278-9618-4e42-a4fc-3a9a4d8d9fd6.png', 2, 'http://ff4f6802.ngrok.io/downloadFile/6426b278-9618-4e42-a4fc-3a9a4d8d9fd6.png', 53),
(126, '53fd95eb-78cb-4610-863e-bad6acb8151d.png', 2, 'http://ff4f6802.ngrok.io/downloadFile/53fd95eb-78cb-4610-863e-bad6acb8151d.png', 53),
(127, '8dad15a9-7d40-45e6-a5c5-3815ad5e2345.png', 2, 'http://ff4f6802.ngrok.io/downloadFile/8dad15a9-7d40-45e6-a5c5-3815ad5e2345.png', 53),
(128, 'f977f638-d3a4-4241-b115-0dc9da5989f4.png', 2, 'http://ff4f6802.ngrok.io/downloadFile/f977f638-d3a4-4241-b115-0dc9da5989f4.png', 53),
(129, '3d1702c0-ae99-402b-a567-9e505e472baf.png', 2, 'http://ff4f6802.ngrok.io/downloadFile/3d1702c0-ae99-402b-a567-9e505e472baf.png', 53),
(130, 'd13312cd-307d-41f2-8cdb-35d8e0d702ef.png', 2, 'http://ff4f6802.ngrok.io/downloadFile/d13312cd-307d-41f2-8cdb-35d8e0d702ef.png', 53),
(131, 'fdf30e7a-df69-4ac7-b379-62dff81373d4.png', 2, 'http://ff4f6802.ngrok.io/downloadFile/fdf30e7a-df69-4ac7-b379-62dff81373d4.png', 53),
(132, '4550c138-2856-4bd5-ab54-824d3a1637d5.png', 2, 'http://ff4f6802.ngrok.io/downloadFile/4550c138-2856-4bd5-ab54-824d3a1637d5.png', 53),
(133, 'c2d07072-d4a6-44f6-9b63-8b96543aa5ad.png', 2, 'http://ff4f6802.ngrok.io/downloadFile/c2d07072-d4a6-44f6-9b63-8b96543aa5ad.png', 53),
(134, '6ebf1a11-7012-4313-92a5-1f9b978c8d4f.png', 2, 'http://ff4f6802.ngrok.io/downloadFile/6ebf1a11-7012-4313-92a5-1f9b978c8d4f.png', 53),
(135, 'ee88103d-db5a-4af2-bb6c-f6bca1a6dade.jpg', 1, 'http://ff4f6802.ngrok.io/downloadFile/ee88103d-db5a-4af2-bb6c-f6bca1a6dade.jpg', 52),
(136, 'b092eca9-cbac-4312-a884-2b75ee6d0cfc.jpg', 1, 'http://ff4f6802.ngrok.io/downloadFile/b092eca9-cbac-4312-a884-2b75ee6d0cfc.jpg', 52),
(137, '34d8f45a-3a82-48b4-bcf7-d3f0068d8103.jpg', 1, 'http://ff4f6802.ngrok.io/downloadFile/34d8f45a-3a82-48b4-bcf7-d3f0068d8103.jpg', 52),
(138, 'dd4ea6f9-ca3f-4020-ad11-12dd77f14761.png', 2, 'http://ff4f6802.ngrok.io/downloadFile/dd4ea6f9-ca3f-4020-ad11-12dd77f14761.png', 53),
(139, '588ae4cf-e7b1-42f7-aacd-fa845e0f978c.png', 2, 'http://ff4f6802.ngrok.io/downloadFile/588ae4cf-e7b1-42f7-aacd-fa845e0f978c.png', 53),
(140, '3ae8f30d-c8d8-4e88-a447-da2179e869a9.png', 2, 'http://ff4f6802.ngrok.io/downloadFile/3ae8f30d-c8d8-4e88-a447-da2179e869a9.png', 53),
(141, 'fa5f857e-dc9e-4bc4-91fd-156102e2dcbb.png', 2, 'http://ff4f6802.ngrok.io/downloadFile/fa5f857e-dc9e-4bc4-91fd-156102e2dcbb.png', 53),
(142, '2c4fd0db-6cd4-4ae2-94c3-2d52e222c2dc.png', 2, 'http://ff4f6802.ngrok.io/downloadFile/2c4fd0db-6cd4-4ae2-94c3-2d52e222c2dc.png', 53),
(143, '2966018b-f8d2-4abe-8e6a-b49e763fbfb6.png', 2, 'http://ff4f6802.ngrok.io/downloadFile/2966018b-f8d2-4abe-8e6a-b49e763fbfb6.png', 53),
(144, 'c247cb7a-705e-4d2b-8ad6-794aa350f899.png', 2, 'http://ff4f6802.ngrok.io/downloadFile/c247cb7a-705e-4d2b-8ad6-794aa350f899.png', 53),
(145, 'ad4c6330-bda7-47c0-b250-618a588a2a42.jpg', 1, 'http://ff4f6802.ngrok.io/downloadFile/ad4c6330-bda7-47c0-b250-618a588a2a42.jpg', 53),
(146, 'ee70d3de-cbe0-4745-b8bb-7f45079b5798.jpg', 1, 'http://ff4f6802.ngrok.io/downloadFile/ee70d3de-cbe0-4745-b8bb-7f45079b5798.jpg', 52),
(147, 'f6bb00c9-756c-4e88-8f43-bbdba7d54ea7.jpg', 1, 'http://ff4f6802.ngrok.io/downloadFile/f6bb00c9-756c-4e88-8f43-bbdba7d54ea7.jpg', 65);

-- --------------------------------------------------------

--
-- Table structure for table `otp`
--

CREATE TABLE `otp` (
  `id` int(11) NOT NULL,
  `user_id` int(11) NOT NULL,
  `code` varchar(6) NOT NULL,
  `status` tinyint(1) NOT NULL,
  `created_at` char(34) DEFAULT NULL
) ENGINE=InnoDB DEFAULT CHARSET=latin1;

--
-- Dumping data for table `otp`
--

INSERT INTO `otp` (`id`, `user_id`, `code`, `status`, `created_at`) VALUES
(32, 52, '260620', 0, 'Thu May 14 09:57:44 +0700 2020'),
(33, 53, '886336', 0, 'Thu May 14 10:02:31 +0700 2020'),
(34, 54, '248256', 0, 'Thu May 14 10:07:11 +0700 2020'),
(35, 55, '128872', 0, 'Thu May 14 10:20:03 +0700 2020'),
(36, 56, '300593', 0, 'Thu May 14 10:21:33 +0700 2020'),
(37, 57, '045773', 0, 'Thu May 14 10:33:47 +0700 2020'),
(38, 60, '300524', 0, 'Thu May 14 10:43:04 +0700 2020'),
(39, 61, '187219', 0, 'Thu May 14 11:49:51 +0700 2020'),
(40, 62, '937731', 0, 'Thu May 14 11:55:53 +0700 2020'),
(41, 63, '266292', 0, 'Thu May 14 11:56:59 +0700 2020'),
(42, 64, '541382', 0, 'Thu May 14 12:01:07 +0700 2020'),
(43, 65, '944068', 0, 'Thu May 14 14:36:23 +0700 2020'),
(44, 66, '434654', 0, 'Thu May 14 16:57:40 +0700 2020'),
(45, 67, '674686', 0, 'Thu May 14 17:21:05 +0700 2020'),
(46, 68, '575923', 0, 'Thu May 14 19:23:12 +0700 2020'),
(47, 69, '593488', 0, 'Fri May 15 12:09:46 +0700 2020'),
(48, 70, '513996', 0, 'Fri May 15 12:59:10 +0700 2020'),
(49, 71, '728857', 0, 'Fri May 15 14:48:41 +0700 2020'),
(50, 72, '653646', 0, 'Fri May 15 15:54:45 +0700 2020'),
(51, 73, '500695', 0, 'Fri May 15 17:26:26 +0700 2020'),
(52, 74, '548131', 0, 'Fri May 15 20:47:09 +0700 2020'),
(53, 75, '605926', 0, 'Fri May 15 21:00:09 +0700 2020'),
(54, 76, '880319', 0, 'Fri May 15 22:30:23 +0700 2020'),
(55, 72, '347048', 0, 'Fri May 15 23:45:18 +0700 2020'),
(56, 72, '750844', 0, 'Fri May 15 23:45:35 +0700 2020'),
(57, 72, '826167', 0, 'Fri May 15 23:46:05 +0700 2020'),
(58, 72, '414432', 0, 'Fri May 15 23:46:08 +0700 2020'),
(59, 72, '652208', 0, 'Fri May 15 23:46:52 +0700 2020'),
(60, 72, '571553', 0, 'Fri May 15 23:48:09 +0700 2020'),
(61, 72, '910534', 0, 'Fri May 15 23:58:44 +0700 2020'),
(62, 77, '368218', 0, 'Sat May 16 11:49:15 +0700 2020'),
(63, 78, '810685', 0, 'Sat May 16 13:10:04 +0700 2020'),
(64, 79, '291148', 0, 'Sat May 16 14:45:27 +0700 2020'),
(65, 80, '931749', 0, 'Sat May 16 14:55:54 +0700 2020'),
(66, 81, '089411', 0, 'Sat May 16 15:54:34 +0700 2020'),
(67, 82, '885288', 0, 'Sat May 16 16:02:02 +0700 2020'),
(68, 83, '440664', 0, 'Sat May 16 20:13:47 +0700 2020'),
(69, 84, '828396', 0, 'Sat May 16 20:58:39 +0700 2020'),
(70, 85, '271913', 0, 'Sat May 16 21:00:12 +0700 2020'),
(71, 86, '953033', 0, 'Sat May 16 21:25:42 +0700 2020'),
(72, 87, '134158', 0, 'Sat May 16 21:36:04 +0700 2020'),
(73, 88, '466547', 0, 'Sat May 16 21:38:46 +0700 2020'),
(74, 88, '246553', 0, 'Sat May 16 21:39:53 +0700 2020'),
(75, 89, '324054', 0, 'Sat May 16 21:43:15 +0700 2020'),
(76, 90, '323016', 0, 'Sat May 16 21:46:21 +0700 2020'),
(77, 91, '511751', 0, 'Sat May 16 21:50:36 +0700 2020'),
(78, 92, '512062', 0, 'Sat May 16 21:55:22 +0700 2020'),
(79, 93, '439915', 0, 'Sat May 16 21:56:48 +0700 2020'),
(80, 94, '913911', 0, 'Sat May 16 21:58:41 +0700 2020'),
(81, 95, '971560', 0, 'Sat May 16 22:05:32 +0700 2020'),
(82, 96, '057383', 0, 'Sat May 16 22:17:06 +0700 2020'),
(83, 96, '197971', 0, 'Sat May 16 22:17:07 +0700 2020'),
(84, 96, '737591', 0, 'Sat May 16 22:18:14 +0700 2020'),
(85, 97, '049137', 0, 'Sun May 17 00:24:30 +0700 2020'),
(86, 97, '114373', 0, 'Sun May 17 00:24:31 +0700 2020');

-- --------------------------------------------------------

--
-- Table structure for table `payment_method`
--

CREATE TABLE `payment_method` (
  `id` int(11) NOT NULL,
  `name` varchar(25) DEFAULT NULL,
  `payment_type` int(11) NOT NULL
) ENGINE=InnoDB DEFAULT CHARSET=latin1;

--
-- Dumping data for table `payment_method`
--

INSERT INTO `payment_method` (`id`, `name`, `payment_type`) VALUES
(1, 'BCA', 1),
(2, 'Indomaret', 2);

-- --------------------------------------------------------

--
-- Table structure for table `topup_history`
--

CREATE TABLE `topup_history` (
  `id` bigint(20) NOT NULL,
  `created_at` varchar(255) DEFAULT NULL,
  `payment_method` int(11) DEFAULT NULL,
  `status` int(11) DEFAULT NULL,
  `token` varchar(25) DEFAULT NULL,
  `topup_balance` bigint(20) DEFAULT NULL,
  `user_id` bigint(20) DEFAULT NULL,
  `file_upload_id` int(11) DEFAULT NULL
) ENGINE=InnoDB DEFAULT CHARSET=latin1;

--
-- Dumping data for table `topup_history`
--

INSERT INTO `topup_history` (`id`, `created_at`, `payment_method`, `status`, `token`, `topup_balance`, `user_id`, `file_upload_id`) VALUES
(11, '2020-05-14 12:15:47', 1, 0, '80006281325618362', 10000, 60, NULL),
(12, '2020-05-14 12:17:46', 2, 0, '80006281325618362', 20000, 60, NULL),
(13, '2020-05-16 15:38:57', 1, 1, '80006289653399715', 10000, 53, 85),
(14, '2020-05-16 15:38:57', 1, 1, '80006289653399715', 10000, 53, 85),
(15, '2020-05-16 15:38:57', 1, 1, '80006289653399715', 10000, 53, 85),
(16, '2020-05-14 13:25:01', 2, 2, '80006281325618362', 20000, 60, NULL),
(17, '2020-05-16 15:38:57', 1, 1, '80006289653399715', 10000, 53, 85),
(18, '2020-05-16 15:38:57', 1, 1, '80006289653399715', 10000, 53, 85),
(19, '2020-05-16 15:38:57', 1, 1, '80006289653399715', 10000, 53, 85),
(20, '2020-05-16 15:38:57', 1, 1, '80006289653399715', 10000, 53, 85),
(21, '2020-05-16 15:38:57', 1, 1, '80006289653399715', 10000, 53, 85),
(22, '2020-05-16 15:38:57', 1, 1, '80006289653399715', 10000, 53, 85),
(23, '2020-05-16 15:38:57', 1, 1, '80006289653399715', 10000, 53, 85),
(24, '2020-05-16 16:10:04', 1, 1, '80006287738736596', 100000, 65, 90),
(25, '2020-05-16 15:38:57', 1, 1, '80006289653399715', 10000, 53, 85),
(26, '2020-05-14 15:20:35', 2, 2, '80006281325618362', 20000, 60, NULL),
(27, '2020-05-16 15:38:57', 1, 1, '80006289653399715', 10000, 53, 85),
(28, '2020-05-16 16:10:04', 1, 1, '80006287738736596', 100000, 65, 90),
(29, '2020-05-16 15:38:57', 1, 1, '80006289653399715', 10000, 53, 85),
(30, '2020-05-14 15:27:18', 2, 2, '80006281325618362', 20000, 60, NULL),
(31, '2020-05-16 15:38:57', 1, 1, '80006289653399715', 10000, 53, 85),
(32, '2020-05-16 15:38:57', 1, 1, '80006289653399715', 10000, 53, 85),
(33, '2020-05-16 15:38:57', 1, 1, '80006289653399715', 10000, 53, 85),
(34, '2020-05-14 15:53:59', 2, 1, '80006281325618362', 20000, 60, 7),
(35, '2020-05-14 15:57:28', 1, 2, '80006281325618362', 20000, 60, NULL),
(36, '2020-05-16 15:38:57', 1, 1, '80006289653399715', 10000, 53, 85),
(37, '2020-05-16 15:38:57', 1, 1, '80006289653399715', 10000, 53, 85),
(38, '2020-05-14 16:05:36', 1, 2, '80006281325618362', 20000, 60, NULL),
(39, '2020-05-16 15:38:57', 1, 1, '80006289653399715', 10000, 53, 85),
(40, '2020-05-16 15:38:57', 1, 1, '80006289653399715', 10000, 53, 85),
(41, '2020-05-16 15:38:57', 1, 1, '80006289653399715', 10000, 53, 85),
(42, '2020-05-14 16:15:08', 2, 1, '80006281325618362', 20000, 60, NULL),
(43, '2020-05-15 22:19:12', 1, 1, '80006285708123799', 10000, 66, 1),
(44, '2020-05-15 22:19:12', 1, 1, '80006285708123799', 10000, 66, 1),
(45, '2020-05-15 22:19:12', 1, 1, '80006285708123799', 10000, 66, 1),
(46, '2020-05-16 15:38:57', 1, 1, '80006289653399715', 10000, 53, 85),
(47, '2020-05-16 16:10:04', 1, 1, '80006287738736596', 100000, 65, 90),
(48, '2020-05-16 16:10:04', 1, 1, '80006287738736596', 100000, 65, 90),
(49, '2020-05-16 16:10:04', 1, 1, '80006287738736596', 100000, 65, 90),
(50, '2020-05-16 16:10:04', 1, 1, '80006287738736596', 100000, 65, 90),
(51, '2020-05-16 16:10:04', 1, 1, '80006287738736596', 100000, 65, 90),
(52, '2020-05-16 16:10:04', 1, 1, '80006287738736596', 100000, 65, 90),
(53, '2020-05-16 16:10:04', 1, 1, '80006287738736596', 100000, 65, 90),
(54, '2020-05-16 16:10:04', 1, 1, '80006287738736596', 100000, 65, 90),
(55, '2020-05-14 19:42:00', 2, 1, '80006281325618362', 20000, 60, NULL),
(56, '2020-05-16 16:10:04', 1, 1, '80006287738736596', 100000, 65, 90),
(57, '2020-05-16 16:10:04', 1, 1, '80006287738736596', 100000, 65, 90),
(58, '2020-05-16 16:10:04', 1, 1, '80006287738736596', 100000, 65, 90),
(59, '2020-05-16 16:10:04', 1, 1, '80006287738736596', 100000, 65, 90),
(60, '2020-05-14 20:32:54', 2, 1, '80006281325618362', 20000, 60, NULL),
(61, '2020-05-14 20:54:43', 2, 1, '80006281325618362', 20000, 60, NULL),
(62, '2020-05-14 20:57:57', 2, 1, '80006281325618362', 20000, 60, NULL),
(63, '2020-05-14 21:01:19', 2, 2, '80006281325618362', 20000, 60, NULL),
(64, '2020-05-15 22:19:12', 1, 1, '80006285708123799', 10000, 66, 1),
(65, '2020-05-15 22:19:12', 1, 1, '80006285708123799', 10000, 66, 1),
(66, '2020-05-15 22:19:12', 1, 1, '80006285708123799', 10000, 66, 1),
(67, '2020-05-15 22:19:12', 1, 1, '80006285708123799', 10000, 66, 1),
(68, '2020-05-15 22:19:12', 1, 1, '80006285708123799', 10000, 66, 1),
(69, '2020-05-15 22:19:12', 1, 1, '80006285708123799', 10000, 66, 1),
(70, '2020-05-15 22:19:12', 1, 1, '80006285708123799', 10000, 66, 1),
(71, '2020-05-16 16:10:04', 1, 1, '80006287738736596', 100000, 65, 90),
(72, '2020-05-16 15:38:57', 1, 1, '80006289653399715', 10000, 53, 85),
(73, '2020-05-16 15:38:57', 1, 1, '80006289653399715', 10000, 53, 85),
(74, '2020-05-16 15:38:57', 1, 1, '80006289653399715', 10000, 53, 85),
(75, '2020-05-16 15:38:57', 1, 1, '80006289653399715', 10000, 53, 85),
(76, '2020-05-16 15:38:57', 1, 1, '80006289653399715', 10000, 53, 85),
(77, '2020-05-16 17:27:24', 1, 1, '80006281905218958', 20000, 52, 98),
(78, '2020-05-16 17:27:24', 1, 1, '80006281905218958', 20000, 52, 98),
(79, '2020-05-16 15:38:57', 1, 1, '80006289653399715', 10000, 53, 85),
(80, '2020-05-16 15:38:57', 1, 1, '80006289653399715', 10000, 53, 85),
(81, '2020-05-16 15:38:57', 1, 1, '80006289653399715', 10000, 53, 85),
(82, '2020-05-16 15:38:57', 1, 1, '80006289653399715', 10000, 53, 85),
(83, '2020-05-16 15:38:57', 1, 1, '80006289653399715', 10000, 53, 85),
(84, '2020-05-16 15:38:57', 1, 1, '80006289653399715', 10000, 53, 85),
(85, '2020-05-15 11:15:27', 1, 2, '80006281325618362', 20000, 60, NULL),
(86, '2020-05-16 17:27:24', 1, 1, '80006281905218958', 20000, 52, 98),
(87, '2020-05-16 15:38:57', 1, 1, '80006289653399715', 10000, 53, 85),
(88, '2020-05-16 16:10:04', 1, 1, '80006287738736596', 100000, 65, 90),
(89, '2020-05-16 17:27:24', 1, 1, '80006281905218958', 20000, 52, 98),
(90, '2020-05-16 16:10:04', 1, 1, '80006287738736596', 100000, 65, 90),
(91, '2020-05-16 17:27:24', 1, 1, '80006281905218958', 20000, 52, 98),
(92, '2020-05-16 15:38:57', 1, 1, '80006289653399715', 10000, 53, 85),
(93, '2020-05-16 16:10:04', 1, 1, '80006287738736596', 100000, 65, 90),
(94, '2020-05-16 15:38:57', 1, 1, '80006289653399715', 10000, 53, 85),
(95, '2020-05-16 15:38:57', 1, 1, '80006289653399715', 10000, 53, 85),
(96, '2020-05-16 15:38:57', 1, 1, '80006289653399715', 10000, 53, 85),
(97, '2020-05-15 22:19:12', 1, 1, '80006285708123799', 10000, 66, 1),
(98, '2020-05-15 22:19:12', 1, 1, '80006285708123799', 10000, 66, 1),
(99, '2020-05-16 15:38:57', 1, 1, '80006289653399715', 10000, 53, 85),
(100, '2020-05-16 15:38:57', 1, 1, '80006289653399715', 10000, 53, 85),
(101, '2020-05-16 15:38:57', 1, 1, '80006289653399715', 10000, 53, 85),
(102, '2020-05-16 17:27:24', 1, 1, '80006281905218958', 20000, 52, 98),
(103, '2020-05-16 15:38:57', 1, 1, '80006289653399715', 10000, 53, 85),
(104, '2020-05-16 15:38:57', 1, 1, '80006289653399715', 10000, 53, 85),
(105, '2020-05-16 15:38:57', 1, 1, '80006289653399715', 10000, 53, 85),
(106, '2020-05-16 15:38:57', 1, 1, '80006289653399715', 10000, 53, 85),
(107, '2020-05-15 22:19:12', 1, 1, '80006285708123799', 10000, 66, 1),
(108, '2020-05-15 22:19:12', 1, 1, '80006285708123799', 10000, 66, 1),
(109, '2020-05-15 22:19:12', 1, 1, '80006285708123799', 10000, 66, 1),
(110, '2020-05-15 22:19:12', 1, 1, '80006285708123799', 10000, 66, 1),
(111, '2020-05-15 22:19:12', 1, 1, '80006285708123799', 10000, 66, 1),
(112, '2020-05-16 15:38:57', 1, 1, '80006289653399715', 10000, 53, 85),
(113, '2020-05-16 15:38:57', 1, 1, '80006289653399715', 10000, 53, 85),
(114, '2020-05-16 15:38:57', 1, 1, '80006289653399715', 10000, 53, 85),
(115, '2020-05-16 17:27:24', 1, 1, '80006281905218958', 20000, 52, 98),
(116, '2020-05-16 15:38:57', 1, 1, '80006289653399715', 10000, 53, 85),
(117, '2020-05-16 15:38:57', 1, 1, '80006289653399715', 10000, 53, 85),
(118, '2020-05-16 15:38:57', 1, 1, '80006289653399715', 10000, 53, 85),
(119, '2020-05-16 15:38:57', 1, 1, '80006289653399715', 10000, 53, 85),
(120, '2020-05-16 15:38:57', 1, 1, '80006289653399715', 10000, 53, 85),
(121, '2020-05-16 15:38:57', 1, 1, '80006289653399715', 10000, 53, 85),
(122, '2020-05-16 15:38:57', 1, 1, '80006289653399715', 10000, 53, 85),
(123, '2020-05-16 15:38:57', 1, 1, '80006289653399715', 10000, 53, 85),
(124, '2020-05-16 15:38:57', 1, 1, '80006289653399715', 10000, 53, 85),
(125, '2020-05-16 15:38:57', 1, 1, '80006289653399715', 10000, 53, 85),
(126, '2020-05-16 17:27:24', 1, 1, '80006281905218958', 20000, 52, 98),
(127, '2020-05-16 15:38:57', 1, 1, '80006289653399715', 10000, 53, 85),
(128, '2020-05-16 15:38:57', 1, 1, '80006289653399715', 10000, 53, 85),
(129, '2020-05-16 15:38:57', 1, 1, '80006289653399715', 10000, 53, 85),
(130, '2020-05-15 22:19:12', 1, 1, '80006285708123799', 10000, 66, 1),
(131, '2020-05-16 15:38:57', 1, 1, '80006289653399715', 10000, 53, 85),
(132, '2020-05-15 22:19:12', 1, 1, '80006285708123799', 10000, 66, 1),
(133, '2020-05-15 22:19:12', 1, 1, '80006285708123799', 10000, 66, 1),
(134, '2020-05-15 22:19:12', 1, 1, '80006285708123799', 10000, 66, 1),
(135, '2020-05-15 22:19:12', 1, 1, '80006285708123799', 10000, 66, 1),
(136, '2020-05-16 15:38:57', 1, 1, '80006289653399715', 10000, 53, 85),
(137, '2020-05-16 15:38:57', 1, 1, '80006289653399715', 10000, 53, 85),
(138, '2020-05-16 17:27:24', 1, 1, '80006281905218958', 20000, 52, 98),
(139, '2020-05-16 16:10:04', 1, 1, '80006287738736596', 100000, 65, 90),
(140, '2020-05-15 22:19:12', 1, 1, '80006285708123799', 10000, 66, 1),
(141, '2020-05-15 22:19:12', 1, 1, '80006285708123799', 10000, 66, 1),
(142, '2020-05-15 22:19:12', 1, 1, '80006285708123799', 10000, 66, 1),
(143, '2020-05-15 22:19:12', 1, 1, '80006285708123799', 10000, 66, 1),
(144, '2020-05-16 15:38:57', 1, 1, '80006289653399715', 10000, 53, 85),
(145, '2020-05-15 22:19:12', 1, 1, '80006285708123799', 10000, 66, 1),
(146, '2020-05-16 17:27:24', 1, 1, '80006281905218958', 20000, 52, 98),
(147, '2020-05-15 22:19:12', 1, 1, '80006285708123799', 10000, 66, 1),
(148, '2020-05-15 22:19:12', 1, 1, '80006285708123799', 10000, 66, 1),
(149, '2020-05-15 22:19:12', 1, 1, '80006285708123799', 10000, 66, 1),
(150, '2020-05-15 22:19:12', 1, 1, '80006285708123799', 10000, 66, 1),
(151, '2020-05-15 22:19:12', 1, 1, '80006285708123799', 10000, 66, 1),
(152, '2020-05-15 22:19:12', 1, 1, '80006285708123799', 10000, 66, 1),
(153, '2020-05-15 22:19:12', 1, 1, '80006285708123799', 10000, 66, 1),
(154, '2020-05-15 22:19:12', 1, 1, '80006285708123799', 10000, 66, 1),
(155, '2020-05-16 17:27:24', 1, 1, '80006281905218958', 20000, 52, 98),
(156, '2020-05-16 16:10:04', 1, 1, '80006287738736596', 100000, 65, 90),
(157, '2020-05-16 16:10:04', 1, 1, '80006287738736596', 100000, 65, 90),
(158, '2020-05-16 16:10:04', 1, 1, '80006287738736596', 100000, 65, 90),
(159, '2020-05-16 16:10:04', 1, 1, '80006287738736596', 100000, 65, 90),
(160, '2020-05-16 16:10:04', 1, 1, '80006287738736596', 100000, 65, 90),
(161, '2020-05-16 15:38:57', 1, 1, '80006289653399715', 10000, 53, 85),
(162, '2020-05-16 16:10:04', 1, 1, '80006287738736596', 100000, 65, 90),
(163, '2020-05-16 16:10:04', 1, 1, '80006287738736596', 100000, 65, 90),
(164, '2020-05-16 16:10:04', 1, 1, '80006287738736596', 100000, 65, 90),
(165, '2020-05-16 16:10:04', 1, 1, '80006287738736596', 100000, 65, 90),
(166, '2020-05-16 16:10:04', 1, 1, '80006287738736596', 100000, 65, 90),
(167, '2020-05-16 16:10:04', 1, 1, '80006287738736596', 100000, 65, 90),
(168, '2020-05-16 16:10:04', 1, 1, '80006287738736596', 100000, 65, 90),
(169, '2020-05-16 16:10:04', 1, 1, '80006287738736596', 100000, 65, 90),
(170, '2020-05-15 22:19:12', 1, 1, '80006285708123799', 10000, 66, 1),
(171, '2020-05-16 16:10:04', 1, 1, '80006287738736596', 100000, 65, 90),
(172, '2020-05-16 16:10:04', 1, 1, '80006287738736596', 100000, 65, 90),
(173, '2020-05-16 16:10:04', 1, 1, '80006287738736596', 100000, 65, 90),
(174, '2020-05-16 16:10:04', 1, 1, '80006287738736596', 100000, 65, 90),
(175, '2020-05-16 16:10:04', 1, 1, '80006287738736596', 100000, 65, 90),
(176, '2020-05-16 16:10:04', 1, 1, '80006287738736596', 100000, 65, 90),
(177, '2020-05-16 16:10:04', 1, 1, '80006287738736596', 100000, 65, 90),
(178, '2020-05-15 22:19:12', 1, 1, '80006285708123799', 10000, 66, 1),
(179, '2020-05-15 22:19:12', 1, 1, '80006285708123799', 10000, 66, 1),
(180, '2020-05-16 16:10:04', 1, 1, '80006287738736596', 100000, 65, 90),
(181, '2020-05-16 16:10:04', 1, 1, '80006287738736596', 100000, 65, 90),
(182, '2020-05-15 22:19:12', 1, 1, '80006285708123799', 10000, 66, 1),
(183, '2020-05-16 16:10:04', 1, 1, '80006287738736596', 100000, 65, 90),
(184, '2020-05-16 16:10:04', 1, 1, '80006287738736596', 100000, 65, 90),
(185, '2020-05-16 16:10:04', 1, 1, '80006287738736596', 100000, 65, 90),
(186, '2020-05-16 16:10:04', 1, 1, '80006287738736596', 100000, 65, 90),
(187, '2020-05-16 16:10:04', 1, 1, '80006287738736596', 100000, 65, 90),
(188, '2020-05-16 15:38:57', 1, 1, '80006289653399715', 10000, 53, 85),
(189, '2020-05-16 17:27:24', 1, 1, '80006281905218958', 20000, 52, 98),
(190, '2020-05-16 15:38:57', 1, 1, '80006289653399715', 10000, 53, 85),
(191, '2020-05-16 15:38:57', 1, 1, '80006289653399715', 10000, 53, 85),
(192, '2020-05-16 15:38:57', 1, 1, '80006289653399715', 10000, 53, 85),
(193, '2020-05-16 15:38:57', 1, 1, '80006289653399715', 10000, 53, 85),
(194, '2020-05-16 15:38:57', 1, 1, '80006289653399715', 10000, 53, 85),
(195, '2020-05-16 15:38:57', 1, 1, '80006289653399715', 10000, 53, 85),
(196, '2020-05-16 15:38:57', 1, 1, '80006289653399715', 10000, 53, 85),
(197, '2020-05-16 15:38:57', 1, 1, '80006289653399715', 10000, 53, 85),
(198, '2020-05-16 15:38:57', 1, 1, '80006289653399715', 10000, 53, 85),
(199, '2020-05-15 22:19:12', 1, 1, '80006285708123799', 10000, 66, 1),
(200, '2020-05-15 22:19:12', 1, 1, '80006285708123799', 10000, 66, 1),
(201, '2020-05-15 22:19:12', 1, 1, '80006285708123799', 10000, 66, 1),
(202, '2020-05-15 22:19:12', 1, 1, '80006285708123799', 10000, 66, 1),
(203, '2020-05-15 22:19:12', 1, 1, '80006285708123799', 10000, 66, 1),
(204, '2020-05-15 22:19:12', 1, 1, '80006285708123799', 10000, 66, 1),
(205, '2020-05-15 22:19:12', 1, 1, '80006285708123799', 10000, 66, 1),
(206, '2020-05-15 22:19:12', 1, 1, '80006285708123799', 10000, 66, 1),
(207, '2020-05-15 22:19:12', 1, 1, '80006285708123799', 10000, 66, 1),
(208, '2020-05-15 22:19:12', 1, 1, '80006285708123799', 10000, 66, 1),
(209, '2020-05-15 22:19:12', 1, 1, '80006285708123799', 10000, 66, 1),
(210, '2020-05-15 22:19:12', 1, 1, '80006285708123799', 10000, 66, 1),
(211, '2020-05-15 22:19:12', 1, 1, '80006285708123799', 10000, 66, 1),
(212, '2020-05-15 22:19:12', 1, 1, '80006285708123799', 10000, 66, 1),
(213, '2020-05-15 22:19:12', 1, 1, '80006285708123799', 10000, 66, 1),
(214, '2020-05-15 22:19:12', 1, 1, '80006285708123799', 10000, 66, 1),
(215, '2020-05-15 22:19:12', 1, 1, '80006285708123799', 10000, 66, 1),
(216, '2020-05-15 22:19:12', 1, 1, '80006285708123799', 10000, 66, 1),
(217, '2020-05-16 15:38:57', 1, 1, '80006289653399715', 10000, 53, 85),
(218, '2020-05-16 15:38:57', 1, 1, '80006289653399715', 10000, 53, 85),
(219, '2020-05-16 15:38:57', 1, 1, '80006289653399715', 10000, 53, 85),
(220, '2020-05-16 16:10:04', 1, 1, '80006287738736596', 100000, 65, 90),
(221, '2020-05-16 16:10:04', 1, 1, '80006287738736596', 100000, 65, 90),
(222, '2020-05-16 17:27:24', 1, 1, '80006281905218958', 20000, 52, 98),
(223, '2020-05-16 16:10:04', 1, 1, '80006287738736596', 100000, 65, 90),
(224, '2020-05-15 22:19:12', 1, 1, '80006285708123799', 10000, 66, 1),
(225, '2020-05-15 22:19:12', 1, 1, '80006285708123799', 10000, 66, 1),
(226, '2020-05-15 22:19:12', 1, 1, '80006285708123799', 10000, 66, 1),
(227, '2020-05-15 22:19:12', 1, 1, '80006285708123799', 10000, 66, 1),
(228, '2020-05-16 15:38:57', 1, 1, '80006289653399715', 10000, 53, 85),
(229, '2020-05-16 15:38:57', 1, 1, '80006289653399715', 10000, 53, 85),
(230, '2020-05-16 16:10:04', 1, 1, '80006287738736596', 100000, 65, 90),
(231, '2020-05-16 18:41:16', 1, 1, '80006281325618362', 20000, 72, 102),
(232, '2020-05-16 18:41:16', 1, 1, '80006281325618362', 20000, 72, 102),
(233, '2020-05-16 18:41:16', 1, 1, '80006281325618362', 20000, 72, 102),
(234, '2020-05-16 18:41:16', 1, 1, '80006281325618362', 20000, 72, 102),
(235, '2020-05-16 15:38:57', 1, 1, '80006289653399715', 10000, 53, 85),
(236, '2020-05-16 18:41:16', 1, 1, '80006281325618362', 20000, 72, 102),
(237, '2020-05-16 18:41:16', 1, 1, '80006281325618362', 20000, 72, 102),
(238, '2020-05-16 17:27:24', 1, 1, '80006281905218958', 20000, 52, 98),
(239, '2020-05-16 18:41:16', 1, 1, '80006281325618362', 20000, 72, 102),
(240, '2020-05-16 17:27:24', 1, 1, '80006281905218958', 20000, 52, 98),
(241, '2020-05-16 16:10:04', 1, 1, '80006287738736596', 100000, 65, 90),
(242, '2020-05-16 16:10:04', 1, 1, '80006287738736596', 100000, 65, 90),
(243, '2020-05-16 16:10:04', 1, 1, '80006287738736596', 100000, 65, 90),
(244, '2020-05-16 16:10:04', 1, 1, '80006287738736596', 100000, 65, 90),
(245, '2020-05-16 16:10:04', 1, 1, '80006287738736596', 100000, 65, 90),
(246, '2020-05-16 17:27:24', 1, 1, '80006281905218958', 20000, 52, 98),
(247, '2020-05-16 16:10:04', 1, 1, '80006287738736596', 100000, 65, 90),
(248, '2020-05-16 16:10:04', 1, 1, '80006287738736596', 100000, 65, 90),
(249, '2020-05-16 18:41:16', 1, 1, '80006281325618362', 20000, 72, 102),
(250, '2020-05-16 16:10:04', 1, 1, '80006287738736596', 100000, 65, 90),
(251, '2020-05-16 18:41:16', 1, 1, '80006281325618362', 20000, 72, 102),
(252, '2020-05-16 15:38:57', 1, 1, '80006289653399715', 10000, 53, 85),
(253, '2020-05-16 15:38:57', 1, 1, '80006289653399715', 10000, 53, 85),
(254, '2020-05-16 18:41:16', 1, 1, '80006281325618362', 20000, 72, 102),
(255, '2020-05-16 16:10:04', 1, 1, '80006287738736596', 100000, 65, 90),
(256, '2020-05-15 22:19:12', 1, 1, '80006285708123799', 10000, 66, 1),
(257, '2020-05-15 22:28:55', 1, 2, '80006285708123799', 500000, 66, NULL),
(258, '2020-05-16 16:10:04', 1, 1, '80006287738736596', 100000, 65, 90),
(259, '2020-05-16 15:38:57', 1, 1, '80006289653399715', 10000, 53, 85),
(260, '2020-05-16 15:38:57', 1, 1, '80006289653399715', 10000, 53, 85),
(261, '2020-05-16 15:38:57', 1, 1, '80006289653399715', 10000, 53, 85),
(262, '2020-05-16 16:09:35', 1, 1, '80006288245593542', 50000, 75, 89),
(263, '2020-05-16 15:38:57', 1, 1, '80006289653399715', 10000, 53, 85),
(264, '2020-05-16 16:10:04', 1, 1, '80006287738736596', 100000, 65, 90),
(265, '2020-05-16 16:10:04', 1, 1, '80006287738736596', 100000, 65, 90),
(266, '2020-05-16 15:38:57', 1, 1, '80006289653399715', 10000, 53, 85),
(267, '2020-05-16 17:27:24', 1, 1, '80006281905218958', 20000, 52, 98),
(268, '2020-05-16 16:10:04', 1, 1, '80006287738736596', 100000, 65, 90),
(269, '2020-05-16 15:38:57', 1, 1, '80006289653399715', 10000, 53, 85),
(270, '2020-05-16 15:38:57', 1, 1, '80006289653399715', 10000, 53, 85),
(271, '2020-05-16 15:38:57', 1, 1, '80006289653399715', 10000, 53, 85),
(272, '2020-05-16 15:38:57', 1, 1, '80006289653399715', 10000, 53, 85),
(273, '2020-05-16 15:38:57', 1, 1, '80006289653399715', 10000, 53, 85),
(274, '2020-05-16 15:38:57', 1, 1, '80006289653399715', 10000, 53, 85),
(275, '2020-05-16 15:38:57', 1, 1, '80006289653399715', 10000, 53, 85),
(276, '2020-05-16 15:38:57', 1, 1, '80006289653399715', 10000, 53, 85),
(277, '2020-05-16 15:38:57', 1, 1, '80006289653399715', 10000, 53, 85),
(278, '2020-05-16 17:27:24', 1, 1, '80006281905218958', 20000, 52, 98),
(279, '2020-05-16 17:27:24', 1, 1, '80006281905218958', 20000, 52, 98),
(280, '2020-05-16 17:27:24', 1, 1, '80006281905218958', 20000, 52, 98),
(281, '2020-05-16 15:38:57', 1, 1, '80006289653399715', 10000, 53, 85),
(282, '2020-05-16 15:38:57', 1, 1, '80006289653399715', 10000, 53, 85),
(283, '2020-05-16 15:38:57', 1, 1, '80006289653399715', 10000, 53, 85),
(284, '2020-05-16 15:38:57', 1, 1, '80006289653399715', 10000, 53, 85),
(285, '2020-05-16 15:38:57', 1, 1, '80006289653399715', 10000, 53, 85),
(286, '2020-05-16 17:27:24', 1, 1, '80006281905218958', 20000, 52, 98),
(287, '2020-05-16 16:10:04', 1, 1, '80006287738736596', 100000, 65, 90),
(288, '2020-05-16 15:38:57', 1, 1, '80006289653399715', 10000, 53, 85),
(289, '2020-05-16 18:41:16', 1, 1, '80006281325618362', 20000, 72, 102),
(290, '2020-05-16 15:38:57', 1, 1, '80006289653399715', 10000, 53, 85),
(291, '2020-05-16 15:38:57', 1, 1, '80006289653399715', 10000, 53, 85),
(292, '2020-05-16 16:10:04', 1, 1, '80006287738736596', 100000, 65, 90),
(293, '2020-05-16 16:10:04', 1, 1, '80006287738736596', 100000, 65, 90),
(294, '2020-05-16 15:38:57', 1, 1, '80006289653399715', 10000, 53, 85),
(295, '2020-05-16 15:38:57', 1, 1, '80006289653399715', 10000, 53, 85),
(296, '2020-05-16 15:38:57', 1, 1, '80006289653399715', 10000, 53, 85),
(297, '2020-05-16 15:38:57', 1, 1, '80006289653399715', 10000, 53, 85),
(298, '2020-05-16 15:38:57', 1, 1, '80006289653399715', 10000, 53, 85),
(299, '2020-05-16 15:38:57', 1, 1, '80006289653399715', 10000, 53, 85),
(300, '2020-05-16 18:41:16', 1, 1, '80006281325618362', 20000, 72, 102),
(301, '2020-05-16 18:41:16', 1, 1, '80006281325618362', 20000, 72, 102),
(302, '2020-05-16 15:38:57', 1, 1, '80006289653399715', 10000, 53, 85),
(303, '2020-05-16 15:38:57', 1, 1, '80006289653399715', 10000, 53, 85),
(304, '2020-05-16 17:27:24', 1, 1, '80006281905218958', 20000, 52, 98),
(305, '2020-05-16 15:38:57', 1, 1, '80006289653399715', 10000, 53, 85),
(306, '2020-05-16 16:10:04', 1, 1, '80006287738736596', 100000, 65, 90),
(307, '2020-05-16 15:38:57', 1, 1, '80006289653399715', 10000, 53, 85),
(308, '2020-05-16 16:10:04', 1, 1, '80006287738736596', 100000, 65, 90),
(309, '2020-05-16 15:38:57', 1, 1, '80006289653399715', 10000, 53, 85),
(310, '2020-05-16 16:10:04', 1, 1, '80006287738736596', 100000, 65, 90),
(311, '2020-05-16 15:38:57', 1, 1, '80006289653399715', 10000, 53, 85),
(312, '2020-05-16 18:41:16', 1, 1, '80006281325618362', 20000, 72, 102),
(313, '2020-05-16 16:10:04', 1, 1, '80006287738736596', 100000, 65, 90),
(314, '2020-05-16 16:10:04', 1, 1, '80006287738736596', 100000, 65, 90),
(315, '2020-05-16 16:10:04', 1, 1, '80006287738736596', 100000, 65, 90),
(316, '2020-05-16 16:10:04', 1, 1, '80006287738736596', 100000, 65, 90),
(317, '2020-05-16 16:10:04', 1, 1, '80006287738736596', 100000, 65, 90),
(318, '2020-05-16 16:10:04', 1, 1, '80006287738736596', 100000, 65, 90),
(319, '2020-05-16 18:41:16', 1, 1, '80006281325618362', 20000, 72, 102),
(320, '2020-05-16 16:10:04', 1, 1, '80006287738736596', 100000, 65, 90),
(321, '2020-05-16 16:10:04', 1, 1, '80006287738736596', 100000, 65, 90),
(322, '2020-05-16 16:10:04', 1, 1, '80006287738736596', 100000, 65, 90),
(323, '2020-05-16 16:10:04', 1, 1, '80006287738736596', 100000, 65, 90),
(324, '2020-05-16 16:10:04', 1, 1, '80006287738736596', 100000, 65, 90),
(325, '2020-05-16 16:10:04', 1, 1, '80006287738736596', 100000, 65, 90),
(326, '2020-05-16 16:10:04', 1, 1, '80006287738736596', 100000, 65, 90),
(327, '2020-05-16 15:38:57', 1, 1, '80006289653399715', 10000, 53, 85),
(328, '2020-05-16 16:10:04', 1, 1, '80006287738736596', 100000, 65, 90),
(329, '2020-05-16 16:10:04', 1, 1, '80006287738736596', 100000, 65, 90),
(330, '2020-05-16 17:27:24', 1, 1, '80006281905218958', 20000, 52, 98),
(331, '2020-05-16 15:38:57', 1, 1, '80006289653399715', 10000, 53, 85),
(332, '2020-05-16 16:10:04', 1, 1, '80006287738736596', 100000, 65, 90),
(333, '2020-05-16 16:10:04', 1, 1, '80006287738736596', 100000, 65, 90),
(334, '2020-05-16 16:10:04', 1, 1, '80006287738736596', 100000, 65, 90),
(335, '2020-05-16 16:10:04', 1, 1, '80006287738736596', 100000, 65, 90),
(336, '2020-05-16 16:10:04', 1, 1, '80006287738736596', 100000, 65, 90),
(337, '2020-05-16 16:10:04', 1, 1, '80006287738736596', 100000, 65, 90),
(338, '2020-05-16 16:10:04', 1, 1, '80006287738736596', 100000, 65, 90),
(339, '2020-05-16 16:10:04', 1, 1, '80006287738736596', 100000, 65, 90),
(340, '2020-05-16 15:38:57', 1, 1, '80006289653399715', 10000, 53, 85),
(341, '2020-05-16 16:10:04', 1, 1, '80006287738736596', 100000, 65, 90),
(342, '2020-05-16 16:10:04', 1, 1, '80006287738736596', 100000, 65, 90),
(343, '2020-05-16 16:10:04', 1, 1, '80006287738736596', 100000, 65, 90),
(344, '2020-05-16 15:38:57', 1, 1, '80006289653399715', 10000, 53, 85),
(345, '2020-05-16 15:38:57', 1, 1, '80006289653399715', 10000, 53, 85),
(346, '2020-05-16 16:10:04', 1, 1, '80006287738736596', 100000, 65, 90),
(347, '2020-05-16 15:38:57', 1, 1, '80006289653399715', 10000, 53, 85),
(348, '2020-05-16 15:38:57', 1, 1, '80006289653399715', 10000, 53, 85),
(349, '2020-05-16 16:10:04', 1, 1, '80006287738736596', 100000, 65, 90),
(350, '2020-05-16 16:10:04', 1, 1, '80006287738736596', 100000, 65, 90),
(351, '2020-05-16 16:10:04', 1, 1, '80006287738736596', 100000, 65, 90),
(352, '2020-05-16 16:10:04', 1, 1, '80006287738736596', 100000, 65, 90),
(353, '2020-05-16 16:10:04', 1, 1, '80006287738736596', 100000, 65, 90),
(354, '2020-05-16 15:38:57', 1, 1, '80006289653399715', 10000, 53, 85),
(355, '2020-05-16 16:10:04', 1, 1, '80006287738736596', 100000, 65, 90),
(356, '2020-05-16 15:38:57', 1, 1, '80006289653399715', 10000, 53, 85),
(357, '2020-05-16 15:38:57', 1, 1, '80006289653399715', 10000, 53, 85),
(358, '2020-05-16 15:38:57', 1, 1, '80006289653399715', 10000, 53, 85),
(359, '2020-05-16 15:38:57', 1, 1, '80006289653399715', 10000, 53, 85),
(360, '2020-05-16 15:38:57', 1, 1, '80006289653399715', 10000, 53, 85),
(361, '2020-05-16 15:38:57', 1, 1, '80006289653399715', 10000, 53, 85),
(362, '2020-05-16 15:38:57', 1, 1, '80006289653399715', 10000, 53, 85),
(363, '2020-05-16 15:38:57', 1, 1, '80006289653399715', 10000, 53, 85),
(364, '2020-05-16 15:38:57', 1, 1, '80006289653399715', 10000, 53, 85),
(365, '2020-05-16 15:38:57', 1, 1, '80006289653399715', 10000, 53, 85),
(366, '2020-05-16 18:41:16', 1, 1, '80006281325618362', 20000, 72, 102),
(367, '2020-05-16 15:38:57', 1, 1, '80006289653399715', 10000, 53, 85),
(368, '2020-05-16 15:38:57', 1, 1, '80006289653399715', 10000, 53, 85),
(369, '2020-05-16 15:38:57', 1, 1, '80006289653399715', 10000, 53, 85),
(370, '2020-05-16 16:10:04', 1, 1, '80006287738736596', 100000, 65, 90),
(371, '2020-05-16 15:38:57', 1, 1, '80006289653399715', 10000, 53, 85),
(372, '2020-05-16 17:27:24', 1, 1, '80006281905218958', 20000, 52, 98),
(373, '2020-05-16 17:27:24', 1, 1, '80006281905218958', 20000, 52, 98),
(374, '2020-05-16 16:09:35', 1, 1, '80006288245593542', 50000, 75, 89),
(375, '2020-05-16 16:09:35', 1, 1, '80006288245593542', 50000, 75, 89),
(376, '2020-05-16 16:09:35', 1, 1, '80006288245593542', 50000, 75, 89),
(377, '2020-05-16 15:38:57', 1, 1, '80006289653399715', 10000, 53, 85),
(378, '2020-05-16 17:27:24', 1, 1, '80006281905218958', 20000, 52, 98),
(379, '2020-05-16 15:38:57', 1, 1, '80006289653399715', 10000, 53, 85),
(380, '2020-05-16 15:38:57', 1, 1, '80006289653399715', 10000, 53, 85),
(381, '2020-05-16 17:27:24', 1, 1, '80006281905218958', 20000, 52, 98),
(382, '2020-05-16 18:41:16', 1, 1, '80006281325618362', 20000, 72, 102),
(383, '2020-05-16 17:27:24', 1, 1, '80006281905218958', 20000, 52, 98),
(384, '2020-05-16 17:27:24', 1, 1, '80006281905218958', 20000, 52, 98),
(385, '2020-05-16 17:27:24', 1, 1, '80006281905218958', 20000, 52, 98),
(386, '2020-05-16 18:35:10', 1, 1, '80006285708123799', 20000, 81, 101),
(387, '2020-05-16 16:09:35', 1, 1, '80006288245593542', 50000, 75, 89),
(388, '2020-05-16 16:09:35', 1, 1, '80006288245593542', 50000, 75, 89),
(389, '2020-05-16 18:35:10', 1, 1, '80006285708123799', 20000, 81, 101),
(390, '2020-05-16 16:09:35', 1, 1, '80006288245593542', 50000, 75, 89),
(391, '2020-05-16 16:10:04', 1, 1, '80006287738736596', 100000, 65, 90),
(392, '2020-05-16 18:35:10', 1, 1, '80006285708123799', 20000, 81, 101),
(393, '2020-05-16 16:13:19', 2, 1, '80006287738736596', 20000, 65, 0),
(394, '2020-05-16 18:35:10', 1, 1, '80006285708123799', 20000, 81, 101),
(395, '2020-05-16 16:15:46', 1, 2, '80006287738736596', 10000, 65, 0),
(396, '2020-05-16 17:27:24', 1, 1, '80006281905218958', 20000, 52, 98),
(397, '2020-05-16 17:27:24', 1, 1, '80006281905218958', 20000, 52, 98),
(398, '2020-05-16 17:27:24', 1, 1, '80006281905218958', 20000, 52, 98),
(399, '2020-05-16 17:27:24', 1, 1, '80006281905218958', 20000, 52, 98),
(400, '2020-05-16 17:27:24', 1, 1, '80006281905218958', 20000, 52, 98),
(401, '2020-05-16 17:27:24', 1, 1, '80006281905218958', 20000, 52, 98),
(402, '2020-05-16 17:27:24', 1, 1, '80006281905218958', 20000, 52, 98),
(403, '2020-05-16 18:41:16', 1, 1, '80006281325618362', 20000, 72, 102),
(404, '2020-05-16 18:41:16', 1, 1, '80006281325618362', 20000, 72, 102),
(405, '2020-05-16 17:27:24', 1, 1, '80006281905218958', 20000, 52, 98),
(406, '2020-05-16 17:27:24', 1, 1, '80006281905218958', 20000, 52, 98),
(407, '2020-05-16 17:27:24', 1, 1, '80006281905218958', 20000, 52, 98),
(408, '2020-05-16 18:41:16', 1, 1, '80006281325618362', 20000, 72, 102),
(409, '2020-05-16 18:41:16', 1, 1, '80006281325618362', 20000, 72, 102),
(410, '2020-05-16 17:27:24', 1, 1, '80006281905218958', 20000, 52, 98),
(411, '2020-05-16 17:27:24', 1, 1, '80006281905218958', 20000, 52, 98),
(412, '2020-05-16 17:27:24', 1, 1, '80006281905218958', 20000, 52, 98),
(413, '2020-05-16 17:27:24', 1, 1, '80006281905218958', 20000, 52, 98),
(414, '2020-05-16 17:27:24', 1, 1, '80006281905218958', 20000, 52, 98),
(415, '2020-05-16 17:27:24', 1, 1, '80006281905218958', 20000, 52, 98),
(416, '2020-05-16 17:27:24', 1, 1, '80006281905218958', 20000, 52, 98),
(417, '2020-05-16 18:35:10', 1, 1, '80006285708123799', 20000, 81, 101),
(418, '2020-05-16 18:35:10', 1, 1, '80006285708123799', 20000, 81, 101),
(419, '2020-05-16 18:29:43', 1, 1, '80006281515385532', 50000, 62, 100),
(420, '2020-05-16 18:35:10', 1, 1, '80006285708123799', 20000, 81, 101),
(421, '2020-05-16 18:31:37', 2, 1, '80006281515385532', 10000, 62, 0),
(422, '2020-05-16 18:35:10', 1, 1, '80006285708123799', 20000, 81, 101),
(423, '2020-05-16 18:39:24', 1, 0, '80006287738736596', 50000, 65, 0),
(424, '2020-05-16 18:40:29', 1, 1, '80006281515385532', 20000, 62, 0),
(425, '2020-05-16 18:40:35', 2, 1, '80006281515385532', 20000, 62, 0),
(426, '2020-05-16 18:41:12', 2, 0, '80006281515385532', 20000, 62, 0),
(427, '2020-05-16 18:41:16', 1, 1, '80006281325618362', 20000, 72, 102),
(428, '2020-05-16 18:44:31', 2, 2, '80006281325618362', 20000, 72, 0),
(429, '2020-05-16 18:45:08', 1, 1, '80006281325618362', 20000, 72, 104),
(430, '2020-05-16 18:46:10', 2, 1, '80006281325618362', 20000, 72, 0),
(431, '2020-05-16 18:46:20', 1, 1, '80006281325618362', 20000, 72, 105),
(432, '2020-05-16 18:49:03', 1, 1, '80006287738736596', 20000, 65, 106),
(433, '2020-05-16 18:53:15', 1, 1, '80006287738736596', 100000, 65, 107),
(434, '2020-05-16 18:56:46', 2, 2, '80006285708123799', 10000, 81, 0),
(435, '2020-05-16 18:56:51', 2, 1, '80006287738736596', 500000, 65, 0),
(436, '2020-05-16 18:57:02', 1, 2, '80006285708123799', 50000, 81, 0),
(437, '2020-05-16 18:57:55', 1, 1, '80006285708123799', 20000, 81, 108),
(438, '2020-05-16 19:02:33', 1, 1, '80006285708123799', 100000, 81, 109),
(439, '2020-05-16 19:03:58', 1, 1, '80006285708123799', 500000, 81, 110),
(440, '2020-05-16 19:09:55', 1, 2, '80006287738736596', 200000, 65, 0),
(441, '2020-05-16 19:15:33', 1, 1, '80006287738736596', 200000, 65, 111),
(442, '2020-05-16 19:16:13', 1, 2, '80006287738736596', 500000, 65, 0),
(443, '2020-05-16 19:17:20', 2, 2, '80006289653399715', 500000, 53, 0),
(444, '2020-05-16 19:17:40', 1, 1, '80006289653399715', 100000, 53, 112),
(445, '2020-05-16 19:24:44', 1, 1, '80006287738736596', 10000, 65, 113),
(446, '2020-05-16 19:26:29', 1, 2, '80006287738736596', 10000, 65, 0),
(447, '2020-05-16 19:29:17', 1, 1, '80006289653399715', 10000, 53, 114),
(448, '2020-05-16 19:32:39', 1, 1, '80006289653399715', 100000, 53, 115),
(449, '2020-05-16 19:34:06', 1, 2, '80006287738736596', 200000, 65, 0),
(450, '2020-05-16 19:34:19', 1, 1, '80006289653399715', 50000, 53, 116),
(451, '2020-05-16 19:35:27', 1, 1, '80006287738736596', 10000, 65, 117),
(452, '2020-05-16 19:35:28', 1, 1, '80006289653399715', 20000, 53, 118),
(453, '2020-05-16 19:37:15', 1, 1, '80006289653399715', 20000, 53, 119),
(454, '2020-05-16 19:39:41', 1, 2, '80006287738736596', 20000, 65, 0),
(455, '2020-05-16 19:41:02', 2, 2, '80006289653399715', 200000, 53, 0),
(456, '2020-05-16 19:45:30', 1, 1, '80006287738736596', 20000, 65, 120),
(457, '2020-05-16 19:46:08', 1, 1, '80006287738736596', 500000, 65, 121),
(458, '2020-05-16 19:47:09', 1, 2, '80006287738736596', 100000, 65, 0),
(459, '2020-05-16 19:49:11', 1, 1, '80006289653399715', 100000, 53, 122),
(460, '2020-05-16 19:51:53', 2, 2, '80006289653399715', 50000, 53, 0),
(461, '2020-05-16 19:56:45', 1, 1, '80006287738736596', 20000, 65, 123),
(462, '2020-05-16 20:04:41', 1, 1, '80006289653399715', 100000, 53, 124),
(463, '2020-05-16 20:06:35', 1, 1, '80006289653399715', 100000, 53, 125),
(464, '2020-05-16 20:08:20', 1, 1, '80006289653399715', 20000, 53, 126),
(465, '2020-05-16 20:10:01', 1, 1, '80006289653399715', 10000, 53, 130),
(466, '2020-05-16 20:11:07', 1, 1, '80006289653399715', 20000, 53, 131),
(467, '2020-05-16 20:20:27', 1, 1, '80006289653399715', 50000, 53, 132),
(468, '2020-05-16 20:31:54', 1, 1, '80006289653399715', 100000, 53, 133),
(469, '2020-05-16 20:43:42', 1, 2, '80006288245593542', 50000, 75, 0),
(470, '2020-05-16 20:51:50', 2, 1, '80006281905218958', 20000, 52, 0),
(471, '2020-05-16 20:52:02', 1, 1, '80006281905218958', 20000, 52, 135),
(472, '2020-05-16 20:52:02', 1, 2, '80006281905218958', 20000, 52, 0),
(473, '2020-05-16 20:54:03', 1, 2, '80006289653399715', 100000, 53, 0),
(474, '2020-05-16 20:57:49', 2, 1, '80006281905218958', 20000, 52, 0),
(475, '2020-05-16 20:58:01', 1, 2, '80006281905218958', 20000, 52, 0),
(476, '2020-05-16 20:58:02', 1, 1, '80006281905218958', 20000, 52, 136),
(477, '2020-05-16 21:22:01', 2, 1, '80006281905218958', 20000, 52, 0),
(478, '2020-05-16 21:22:13', 1, 2, '80006281905218958', 20000, 52, 0),
(479, '2020-05-16 21:22:14', 1, 1, '80006281905218958', 20000, 52, 137),
(480, '2020-05-16 21:29:58', 1, 1, '80006289653399715', 10000, 53, 138),
(481, '2020-05-16 22:03:38', 1, 2, '80006289653399715', 100000, 53, 0),
(482, '2020-05-16 22:18:13', 1, 1, '80006289653399715', 10000, 53, 139),
(483, '2020-05-16 22:18:49', 1, 1, '80006289653399715', 20000, 53, 140),
(484, '2020-05-16 22:19:47', 1, 1, '80006289653399715', 100000, 53, 141),
(485, '2020-05-16 22:37:22', 1, 1, '80006289653399715', 100000, 53, 145),
(486, '2020-05-16 22:40:00', 1, 1, '80006289653399715', 10000, 53, 143),
(487, '2020-05-16 22:40:25', 1, 1, '80006289653399715', 50000, 53, 144),
(488, '2020-05-16 23:09:04', 1, 2, '80006287738736596', 10000, 65, 0),
(489, '2020-05-16 23:13:58', 1, 2, '80006287738736596', 10000, 65, 0),
(490, '2020-05-16 23:23:30', 2, 1, '80006281905218958', 20000, 52, 0),
(491, '2020-05-16 23:23:33', 1, 1, '80006287738736596', 20000, 65, 147),
(492, '2020-05-16 23:23:42', 1, 2, '80006281905218958', 20000, 52, 0),
(493, '2020-05-16 23:23:44', 1, 1, '80006281905218958', 20000, 52, 146);

-- --------------------------------------------------------

--
-- Table structure for table `user`
--

CREATE TABLE `user` (
  `id` bigint(20) NOT NULL,
  `created_at` datetime(6) DEFAULT NULL,
  `email` varchar(50) DEFAULT NULL,
  `first_name` varchar(25) DEFAULT NULL,
  `last_name` varchar(25) DEFAULT NULL,
  `password` varchar(60) DEFAULT NULL,
  `phone_number` varchar(25) DEFAULT NULL,
  `status` int(11) DEFAULT NULL,
  `token` varchar(255) DEFAULT NULL
) ENGINE=InnoDB DEFAULT CHARSET=latin1;

--
-- Dumping data for table `user`
--

INSERT INTO `user` (`id`, `created_at`, `email`, `first_name`, `last_name`, `password`, `phone_number`, `status`, `token`) VALUES
(52, '2020-05-14 02:57:44.000000', 'sdetbe.team1@gmail.com', 'Backend', 'Tester', '$2a$10$YhzG/2cQxRoeCaZu9G5wMew9AuDsLH38eo3PwNtF7lFSNdKV5ZZaa', '6281905218958', 1, NULL),
(53, '2020-05-14 03:02:30.000000', 'rizkyalfikri00@gmail.com', 'rizky', 'Hore Hore', '$2a$10$/dK/od3qZK2xR.P7M47AW.bsw2PX09DKq82qQngByC2JoMSIJnc3S', '6289653399715', 1, NULL),
(61, '2020-05-14 04:49:50.000000', 'rizkyalfikri0@gmail.com', 'rizky', 'Hore Hore', '$2a$10$ytzgG7Jp/G60C5MxE0U6suZt9sEOZxSndH2ZwbiWl2yAHMEeFHIxW', '6289653399713', 0, NULL),
(62, '2020-05-14 04:55:53.000000', 'agung.prasatu@gmail.com', 'Agung', 'Pramono', '$2a$10$1ZCxp2.Pds8dYUh.JZOq1ON4VFTgpg4yQQtB/3fVM5Yj9NFNQN9.2', '6281515385532', 1, NULL),
(64, '2020-05-14 05:01:07.000000', 'kuroyukki@yahoo.co.id', 'rizky', 'alfi', '$2a$10$wLlvjUKwgiccM4b1WsVbcewolN4DC0SfmXLtFkAehKQKO8L53cvUu', '62895332072187', 1, NULL),
(65, '2020-05-14 07:36:23.000000', 'ramadhancm@gmail.com', 'Ramadhan', 'Chairan', '$2a$10$DvkH6Z9oMP3vuMZo41WIoemhv5N7wu2YJpeTxAASKvtiNEhOHJibG', '6287738736596', 1, NULL),
(71, '2020-05-15 07:48:41.000000', 'dummy@dana.id', 'rizky', 'alfikri', '$2a$10$sypXFFeV/6Nr0mMBIIXdXOquZIDxbG0g/kqlk7SrrZ31tdfYaMn76', '6289655566321', 0, NULL),
(72, '2020-05-15 08:54:45.000000', 'yuda.dea.k@gmail.com', 'Yuda', 'Krissetiawan', '$2a$10$EBEaUKu29Ylr5wvX4ocf/ON08MQRbI3pjm10ydYLWR0dFxhwiBz4C', '6281325618362', 1, NULL),
(75, '2020-05-15 14:00:09.000000', 'theodoricjonathan@gmail.com', 'Craig', 'White', '$2a$10$ff/ebuuRlt/5mJsJV.rkSuZcUUYl2TwcFJoib6DF7XARoBNJ4ImRe', '6288245593542', 1, NULL),
(76, '2020-05-15 15:30:23.000000', 'jonathan.theodoric@yahoo.com', 'abc', 'def', '$2a$10$uUUNL85ZaBLmXb9TAJkvLedC2aMhrbyWHmM1rvsoiRuchQ7ilR7My', '6287618626889', 0, NULL),
(77, '2020-05-16 04:49:15.000000', 'rayjhonathan97@gmail.com', 'John', 'Cena', '$2a$10$zQ23SgVZyZBrzT/vpXIDZekDz4vaB/h41n55FMdEy96n5OllKs8lq', '6285155208864', 0, NULL),
(78, '2020-05-16 06:10:04.000000', 'hayoo@gmail.com', 'Agung', 'Pramono', '$2a$10$JJUTJZgIyWL31fHY/e07euyoXtJnjEXB8rRh3Ig.isk9O92rmlqey', '6281515385535', 1, NULL),
(79, '2020-05-16 07:45:27.000000', 'contohEmail@dana.idsa', 'team hore', 'hore', '$2a$10$XUmBPRbAjXY8KI1r7NsRfOjcrXzIEa8uSZmuX2wqexChVYj5yXfH.', '089653399715', 0, NULL),
(80, '2020-05-16 07:55:53.000000', 'contohEmail@dana.id', 'team hore', 'hore', '$2a$10$aas6FiUrgGuxQ0lWK4gED.DbYaYvO9dIEQCewKz5gmMbwhImExGuy', '62653399714', 0, NULL),
(81, '2020-05-16 08:54:33.000000', 'susilo3agung@gmail.com', 'agung', 'susilo', '$2a$10$DzKQJ3s1zJbHVbdn5.NNQ.DgtSm/9NOSUmnK4JlAox5p8Cfxa/5hq', '6285708123799', 1, NULL),
(82, '2020-05-16 09:02:02.000000', 'inites@gmail.com', 'tes', 'tes', '$2a$10$4Bg8apEaUQGasNKYt5Wi2ehpvmIxzXNBkk5jctTeZDn.qmqJvViDG', '628712334522', 0, NULL),
(83, '2020-05-16 13:13:46.000000', 'inithe@gmail.com', 'tes', 'tes', '$2a$10$R8U6qcp0NjYCUX4v695NMOxbrLVZkJnAmwKNRDVkWpL0kG9HYSSB6', '62871230987654', 0, NULL),
(84, '2020-05-16 13:58:39.000000', 'rizkiingval@yahoo.co.id', 'rizkyal', 'alfikri', '$2a$10$nuhfrMkDYU/pti92I8t3a.YlP57nLhdzev/nKGHpFVK40JHFe64Um', '62895332072', 0, NULL),
(85, '2020-05-16 14:00:11.000000', 'rizkiingvalt@yahoo.co.id', 'rizkyal', 'alfikri', '$2a$10$.JlKDbk3Mf1FbaQqs6DSR.kxxcJjyVUzygTVyVJY.lSc/HVszXnna', '62895332076', 1, NULL),
(86, '2020-05-16 14:25:42.000000', 'usworder@yahoo.com', 'ramadhan', 'hahaha', '$2a$10$QvfL5B9BO5qxp32bAsiZne/KKYSg/7jtRoN0L4qXPyr1edoyZDG62', '628888888888', 0, NULL),
(87, '2020-05-16 14:36:04.000000', 'kuroyukki00@yahoo.co.id', 'team hore', 'hore', '$2a$10$sYBHtMfVEqU7IyY9e9n5JeE8DbojUf/9zXsFLNtGD8b8EdmaDja5G', '62653399719', 0, NULL),
(88, '2020-05-16 14:38:46.000000', 'kuroyukki00@yahoo.com', 'team hore', 'hore', '$2a$10$wVB2euk1V/fuYsAqXxMNJeRAGiYykddyui5X0OsYU8bZ76Viogp2i', '62653399712', 1, NULL),
(89, '2020-05-16 14:43:14.000000', 'onlytest@gmail.com', 'asdasd', 'qweqw', '$2a$10$wVkwrSZ2DSAMfrZ/siah.OfXN9vcNBfC35Ex0UYIRtwazn7hpJ/WO', '628000000000', 0, NULL),
(90, '2020-05-16 14:46:21.000000', 'thisistest@gmail.com', 'asd', 'qweasda', '$2a$10$xnrHsYvruJdV9W5cwlSy0ukpWgKwQ1PpgwpCQhoAmUMNO7.HwqDwa', '6287000000000', 0, NULL),
(91, '2020-05-16 14:50:36.000000', 'tqwe@yahoo.com', 'ramadhan', 'hahaha', '$2a$10$5jMfCvusHRMuXGBrMQxxsOV6rjMb9GpuQySELpgioXhtJoD/LkZ4S', '628777777777', 0, NULL),
(92, '2020-05-16 14:55:22.000000', 'asd@askhd.com', 'oiqwe', 'alsjdo', '$2a$10$Yiga2YEteVdlnQ1A5R6a/eOLpt7/6VJm0ZQYAbe3ckjcw8OBGmsd.', '628999999999', 0, NULL),
(93, '2020-05-16 14:56:48.000000', 'asd@asd.com', 'sdasd', 'asdasd', '$2a$10$s6P15b2uGT6uIWoTnnXGo.vjqoY2UAU2XD4pSNc1Al3iSXxIe7csS', '6289999999999', 0, NULL),
(96, '2020-05-16 15:17:06.000000', 'usworder@gmail.com', 'ramadhan', 'chairan', '$2a$10$0WsW6Y.9EUjsNoqg89NRueJen/CgkvkBi34/dpbqSF0Czzbdap15a', '6281111111111', 1, NULL),
(97, '2020-05-16 17:24:29.000000', 'rsd@sad.com', 'asdasd', 'awqe', '$2a$10$wvJBpuv35aaxp2s/f5aiHuxT.ALlo8dwd15zCmQ4Flqf.uV.4aVtS', '6287387234', 0, NULL);

-- --------------------------------------------------------

--
-- Table structure for table `user_balance`
--

CREATE TABLE `user_balance` (
  `id` bigint(20) NOT NULL,
  `balance` bigint(20) DEFAULT NULL,
  `user_id` bigint(20) DEFAULT NULL
) ENGINE=InnoDB DEFAULT CHARSET=latin1;

--
-- Dumping data for table `user_balance`
--

INSERT INTO `user_balance` (`id`, `balance`, `user_id`) VALUES
(5, 20000, 34),
(6, 100000, 60),
(7, 570000, 52),
(8, 750000, 66),
(9, 4020000, 53),
(11, 220000, 72),
(12, 760000, 66),
(13, 430000, 75),
(15, 2020000, 65),
(16, 1400000, 81),
(17, 70000, 62);

--
-- Indexes for dumped tables
--

--
-- Indexes for table `balance_catalog`
--
ALTER TABLE `balance_catalog`
  ADD PRIMARY KEY (`id`),
  ADD KEY `IDX7b950f9yif3523wn2sm18mau3` (`id`);

--
-- Indexes for table `files`
--
ALTER TABLE `files`
  ADD PRIMARY KEY (`id`),
  ADD KEY `IDXg838kqp4wkyr36p6oryw9hyr9` (`id`),
  ADD KEY `IDX6g4ifscitfdsrpe3l9gf6bcou` (`user_id`);

--
-- Indexes for table `otp`
--
ALTER TABLE `otp`
  ADD PRIMARY KEY (`id`),
  ADD KEY `user_id` (`user_id`),
  ADD KEY `IDXrbaw8k96eauh0kmvfott3o7rw` (`id`),
  ADD KEY `IDX4mkxc1wpojj1vymcvurokktwm` (`user_id`);

--
-- Indexes for table `payment_method`
--
ALTER TABLE `payment_method`
  ADD PRIMARY KEY (`id`),
  ADD KEY `IDX1g2gm1uurjhltl2r0qt48efgn` (`id`);

--
-- Indexes for table `topup_history`
--
ALTER TABLE `topup_history`
  ADD PRIMARY KEY (`id`),
  ADD KEY `IDXjeyl5he3a8mc60mswpjobyyqr` (`id`),
  ADD KEY `IDXpp2s0m9e7vo7xktb0xjq9r8f9` (`user_id`),
  ADD KEY `IDXjt48kfqoqthlhnnie7x5hd0dg` (`payment_method`);

--
-- Indexes for table `user`
--
ALTER TABLE `user`
  ADD PRIMARY KEY (`id`),
  ADD KEY `IDX8qtpnv06elxuryeuv1ac4ximm` (`id`);

--
-- Indexes for table `user_balance`
--
ALTER TABLE `user_balance`
  ADD PRIMARY KEY (`id`),
  ADD KEY `IDXgs3vjib243x1kptjwgvd3x468` (`id`),
  ADD KEY `IDXm97fk95b7xaspv6kejmtoneww` (`user_id`),
  ADD KEY `user_id` (`user_id`),
  ADD KEY `user_id_2` (`user_id`);

--
-- AUTO_INCREMENT for dumped tables
--

--
-- AUTO_INCREMENT for table `balance_catalog`
--
ALTER TABLE `balance_catalog`
  MODIFY `id` int(11) NOT NULL AUTO_INCREMENT, AUTO_INCREMENT=7;

--
-- AUTO_INCREMENT for table `files`
--
ALTER TABLE `files`
  MODIFY `id` int(11) NOT NULL AUTO_INCREMENT, AUTO_INCREMENT=148;

--
-- AUTO_INCREMENT for table `otp`
--
ALTER TABLE `otp`
  MODIFY `id` int(11) NOT NULL AUTO_INCREMENT, AUTO_INCREMENT=87;

--
-- AUTO_INCREMENT for table `payment_method`
--
ALTER TABLE `payment_method`
  MODIFY `id` int(11) NOT NULL AUTO_INCREMENT, AUTO_INCREMENT=3;

--
-- AUTO_INCREMENT for table `topup_history`
--
ALTER TABLE `topup_history`
  MODIFY `id` bigint(20) NOT NULL AUTO_INCREMENT, AUTO_INCREMENT=494;

--
-- AUTO_INCREMENT for table `user`
--
ALTER TABLE `user`
  MODIFY `id` bigint(20) NOT NULL AUTO_INCREMENT, AUTO_INCREMENT=98;

--
-- AUTO_INCREMENT for table `user_balance`
--
ALTER TABLE `user_balance`
  MODIFY `id` bigint(20) NOT NULL AUTO_INCREMENT, AUTO_INCREMENT=18;
COMMIT;

/*!40101 SET CHARACTER_SET_CLIENT=@OLD_CHARACTER_SET_CLIENT */;
/*!40101 SET CHARACTER_SET_RESULTS=@OLD_CHARACTER_SET_RESULTS */;
/*!40101 SET COLLATION_CONNECTION=@OLD_COLLATION_CONNECTION */;
